level,head,dep,rel,pos,stop
1,whale,icelandic,appos,PROPN,False
1,whale,english,appos,PROPN,False
1,whale,great,amod,ADJ,False
1,whale,horse,compound,NOUN,False
1,whale,have,relcl,VERB,True
2,have,which,nsubj,PRON,True
2,have,bone,dobj,NOUN,False
2,have,for,prep,ADP,True
1,whale,the,det,DET,True
1,whale,good,amod,ADJ,False
1,whale,'s,case,PART,True
1,whale,this,det,DET,True
1,whale,'s,case,PART,True
1,whale,the,det,DET,True
1,whale,or,cc,CCONJ,True
1,whale,ork,conj,NOUN,False
1,whale,one,nummod,NUM,True
1,whale,a,det,DET,True
1,whale,the,det,DET,True
1,whale,wound,amod,VERB,False
1,whale,to,prep,ADP,True
2,to,shore,pobj,VERB,False
2,to,thro,pobj,NOUN,False
1,whale,the,det,DET,True
1,whale,ceti,compound,PROPN,False
2,ceti,sperma,compound,PROPN,False
1,whale,a,det,DET,True
1,whale,the,det,DET,True
1,whale,mighty,amod,ADJ,False
1,whale,swim,relcl,VERB,False
2,swim,which,nsubj,PRON,True
2,swim,in,prep,ADP,True
1,whale,and,cc,CCONJ,True
1,whale,have,conj,VERB,True
2,have,sea,dobj,NOUN,False
2,have,in,prep,ADP,True
1,whale,the,det,DET,True
1,whale,many,amod,ADJ,True
1,whale,the,det,DET,True
1,whale,the,det,DET,True
1,whale,a,det,DET,True
1,whale,a,det,DET,True
1,whale,take,acl,VERB,False
2,take,near,prep,ADP,False
1,whale,have,relcl,VERB,True
2,have,that,nsubj,PRON,True
2,have,above,prep,ADP,True
1,whale,once,advmod,ADV,True
1,whale,a,det,DET,True
1,whale,in,prep,ADP,True
2,in,spitzbergen,pobj,PROPN,False
1,whale,be,relcl,AUX,True
2,be,that,nsubj,PRON,True
2,be,white,acomp,ADJ,False
1,whale,several,amod,ADJ,True
1,whale,this,det,DET,True
1,whale,ceti,compound,NOUN,False
2,ceti,sperma,compound,PROPN,False
1,whale,in,prep,ADP,True
2,in,sea,pobj,NOUN,False
1,whale,obey,appos,NOUN,False
2,obey,god,poss,PROPN,False
2,obey,voice,compound,NOUN,False
1,whale,large,amod,ADJ,False
1,whale,the,det,DET,True
1,whale,the,det,DET,True
1,whale,a,det,DET,True
1,whale,dead,amod,ADJ,False
1,whale,kill,relcl,VERB,False
2,kill,which,dobj,PRON,True
2,kill,asiatics,nsubj,PROPN,False
2,kill,have,aux,AUX,True
1,whale,the,det,DET,True
1,whale,the,det,DET,True
1,whale,large,amod,ADJ,False
1,whale,the,det,DET,True
1,whale,spermacetti,compound,PROPN,False
1,whale,a,det,DET,True
1,whale,great,amod,ADJ,False
1,whale,strand,acl,VERB,False
2,strand,on,prep,ADP,True
1,whale,and,cc,CCONJ,True
1,whale,sturgeon,conj,NOUN,False
1,whale,a,det,DET,True
1,whale,in,prep,ADP,True
2,in,air,pobj,NOUN,False
1,whale,a,det,DET,True
1,whale,a,det,DET,True
1,whale,the,det,DET,True
1,whale,'s,case,PART,True
1,whale,the,det,DET,True
1,whale,not,neg,PART,True
1,whale,a,det,DET,True
1,whale,mighty,amod,ADJ,False
1,whale,than,prep,ADP,True
2,than,this,pobj,PRON,True
1,whale,the,det,DET,True
1,whale,the,det,DET,True
1,whale,a,det,DET,True
1,whale,'s,case,PART,True
1,whale,a,det,DET,True
1,whale,in,prep,ADP,True
2,in,ocean,pobj,NOUN,False
1,whale,a,det,DET,True
1,whale,right,compound,PROPN,False
1,whale,a,det,DET,True
1,whale,a,det,DET,True
1,whale,sperm,compound,NOUN,False
2,sperm,large,compound,ADJ,False
1,whale,the,det,DET,True
1,whale,this,det,DET,True
1,whale,one,nummod,NUM,True
1,whale,the,det,DET,True
1,whale,the,det,DET,True
1,whale,infuriate,amod,VERB,False
1,whale,sperm,compound,PROPN,False
1,whale,the,det,DET,True
1,whale,sperm,compound,PROPN,False
1,whale,the,det,DET,True
1,whale,sperm,compound,PROPN,False
1,whale,1839,appos,NUM,False
1,whale,sperm,compound,PROPN,False
1,whale,the,det,DET,True
1,whale,true,compound,PROPN,False
1,whale,right,compound,PROPN,False
1,whale,that,det,DET,True
1,whale,a,det,DET,True
1,whale,wound,relcl,VERB,False
2,wound,which,dobj,PRON,True
2,wound,he,nsubj,PRON,True
2,wound,have,aux,AUX,True
1,whale,the,det,DET,True
1,whale,"--""the",compound,PROPN,False
1,whale,and,cc,CCONJ,True
1,whale,captors,conj,PROPN,False
2,captors,his,poss,PRON,True
2,captors,or,cc,CCONJ,True
2,captors,adventures,conj,PROPN,False
1,whale,the,det,DET,True
1,whale,the,det,DET,True
1,whale,the,det,DET,True
1,whale,these,det,DET,True
1,whale,the,det,DET,True
1,whale,a,det,DET,True
1,whale,large,amod,ADJ,False
1,whale,sperm,compound,PROPN,False
1,whale,close,advmod,ADV,False
2,close,to,prep,ADP,True
1,whale,the,det,DET,True
1,whale,oh,intj,INTJ,False
1,whale,the,det,DET,True
1,whale,rare,amod,ADJ,False
1,whale,old,amod,ADJ,False
1,whale,storm,appos,NOUN,False
2,storm,mid,amod,ADJ,False
2,storm,and,cc,CCONJ,True
2,storm,gale,conj,NOUN,False
1,whale,in,prep,ADP,True
2,in,home,pobj,NOUN,False
1,whale,voyage,dobj,NOUN,False
1,whale,by,prep,ADP,True
2,by,ishmael,pobj,PROPN,False
1,whale,the,det,DET,True
1,whale,great,amod,ADJ,False
1,whale,himself,appos,PRON,True
1,whale,the,det,DET,True
1,whale,the,det,DET,True
1,whale,stop,dobj,NOUN,False
1,whale,at,prep,ADP,True
2,at,bedford,pobj,PROPN,False
1,whale,the,det,DET,True
1,whale,first,amod,ADJ,True
1,whale,dead,amod,ADJ,False
1,whale,american,amod,ADJ,False
1,whale,the,det,DET,True
1,whale,an,det,DET,True
1,whale,exasperated,amod,ADJ,False
1,whale,purpose,acl,VERB,False
2,purpose,spring,xcomp,NOUN,False
1,whale,fifteen,nummod,NUM,True
1,whale,a,det,DET,True
1,whale,a,det,DET,True
1,whale,right,amod,ADJ,False
1,whale,'s,case,PART,True
1,whale,the,det,DET,True
1,whale,'s,case,PART,True
1,whale,the,det,DET,True
1,whale,'s,case,PART,True
1,whale,a,det,DET,True
1,whale,great,amod,ADJ,False
1,whale,a,det,DET,True
1,whale,a,det,DET,True
1,whale,sperm,compound,PROPN,False
1,whale,the,det,DET,True
1,whale,the,det,DET,True
1,whale,the,det,DET,True
1,whale,the,det,DET,True
1,whale,mighty,amod,ADJ,False
1,whale,cleave,relcl,VERB,False
2,cleave,which,nsubj,PRON,True
2,cleave,be,aux,AUX,True
2,cleave,sea,dobj,NOUN,False
2,cleave,after,prep,ADP,True
1,whale,the,det,DET,True
1,whale,the,det,DET,True
1,whale,the,det,DET,True
1,whale,ground,acl,VERB,False
2,ground,upon,prep,SCONJ,True
2,ground,then,advmod,ADV,True
1,whale,the,det,DET,True
1,whale,ship,dobj,NOUN,False
1,whale,queequeg,compound,PROPN,False
1,whale,kill,nmod,VERB,False
2,kill,e,dobj,NOUN,False
1,whale,big,amod,ADJ,False
1,whale,an,det,DET,True
1,whale,exasperate,amod,VERB,False
1,whale,the,det,DET,True
1,whale,sperm,compound,NOUN,False
1,whale,the,det,DET,True
1,whale,right,amod,ADJ,False
1,whale,a,det,DET,True
1,whale,a,det,DET,True
1,whale,that,det,DET,True
1,whale,particular,amod,ADJ,False
1,whale,a,det,DET,True
1,whale,live,amod,ADJ,False
1,whale,'s,case,PART,True
1,whale,vessel,dobj,NOUN,False
1,whale,have,aux,AUX,True
1,whale,he,nsubj,PRON,True
1,whale,ever,advmod,ADV,True
1,whale,it,dobj,PRON,True
1,whale,any,dobj,PRON,True
1,whale,turn,advcl,VERB,False
2,turn,to,prep,ADP,True
1,whale,more,amod,ADJ,True
1,whale,count,advcl,VERB,False
2,count,than,mark,SCONJ,True
2,count,i,nsubj,PRON,True
2,count,can,aux,AUX,True
1,whale,that,det,DET,True
1,whale,accurse,amod,VERB,False
1,whale,say,ccomp,VERB,False
2,say,now,advmod,ADV,True
2,say,queequeg,nsubj,PROPN,False
2,say,haul,advcl,VERB,False
1,whale,why,advmod,SCONJ,True
1,whale,dad,nsubj,NOUN,False
1,whale,dead,acomp,ADJ,False
1,whale,vessel,dobj,NOUN,False
1,whale,a,nsubj,PRON,True
1,whale,long,advmod,ADV,False
2,long,still,advmod,ADV,True
1,whale,lance,dobj,NOUN,False
2,lance,in,prep,ADP,True
1,whale,do,aux,AUX,True
1,whale,not,neg,PART,True
1,whale,it,dobj,PRON,True
1,whale,much,advmod,ADV,True
2,much,too,advmod,ADV,True
1,whale,day,npadvmod,NOUN,False
2,day,a,det,DET,True
2,day,lord,poss,PROPN,False
2,day,man,appos,NOUN,False
1,whale,but,cc,CCONJ,True
1,whale,miss,conj,VERB,False
2,miss,do,aux,AUX,True
2,miss,not,neg,PART,True
2,miss,chance,dobj,NOUN,False
2,miss,either,advmod,ADV,True
1,whale,the,det,DET,True
1,whale,sperm,compound,NOUN,False
1,whale,'s,case,PART,True
1,whale,ship,dobj,NOUN,False
2,ship,from,prep,ADP,True
1,whale,the,det,DET,True
1,whale,chronicler,dobj,NOUN,False
2,chronicler,no,det,DET,True
2,chronicler,famous,amod,ADJ,False
1,whale,the,det,DET,True
1,whale,author,appos,PROPN,False
2,author,no,det,DET,True
2,author,famous,compound,PROPN,False
2,author,and,cc,CCONJ,True
1,whale,whale,relcl,VERB,False
2,whale,chronicler,dobj,NOUN,False
1,whale,chronicler,dobj,NOUN,False
2,chronicler,no,det,DET,True
2,chronicler,famous,amod,ADJ,False
1,whale,somehow,advmod,ADV,True
1,whale,not,neg,PART,True
1,whale,respectable,dobj,NOUN,False
1,whale,the,det,DET,True
1,whale,the,det,DET,True
1,whale,himself,appos,PRON,True
1,whale,the,det,DET,True
1,whale,a,det,DET,True
1,whale,hundred,nummod,NUM,True
2,hundred,three,compound,NUM,True
2,hundred,and,cc,CCONJ,True
2,hundred,fifty,conj,NUM,True
1,whale,a,det,DET,True
1,whale,or,cc,CCONJ,True
1,whale,any,conj,PRON,True
2,any,of,prep,ADP,True
1,whale,the,det,DET,True
1,whale,a,det,DET,True
1,whale,stout,amod,ADJ,False
2,stout,short,amod,ADJ,False
2,stout,fellow,conj,NOUN,False
1,whale,pugnacious,amod,ADJ,False
2,pugnacious,very,advmod,ADV,True
1,whale,concern,amod,VERB,False
1,whale,seem,relcl,VERB,True
2,seem,who,nsubj,PRON,True
2,seem,somehow,advmod,ADV,True
2,seem,think,xcomp,VERB,False
1,whale,and,cc,CCONJ,True
1,whale,the,det,DET,True
1,whale,wondrous,amod,ADJ,False
1,whale,the,det,DET,True
1,whale,the,det,DET,True
1,whale,great,amod,ADJ,False
1,whale,of,prep,ADP,True
2,of,sea,pobj,NOUN,False
1,whale,the,det,DET,True
1,whale,sperm,compound,NOUN,False
1,whale,'s,case,PART,True
1,whale,all,nsubj,PRON,True
2,all,nearly,advmod,ADV,False
1,whale,preparative,dobj,NOUN,False
2,preparative,need,acl,VERB,False
1,whale,the,det,DET,True
1,whale,die,amod,VERB,False
1,whale,hereabouts,advmod,ADJ,False
1,whale,a,det,DET,True
1,whale,white,amod,ADJ,False
1,whale,the,det,DET,True
1,whale,sperm,compound,NOUN,False
1,whale,the,det,DET,True
1,whale,cuvier,appos,NOUN,False
2,cuvier,the,det,DET,True
2,cuvier,great,amod,ADJ,False
2,cuvier,and,cc,CCONJ,True
2,cuvier,hunter,conj,PROPN,False
1,whale,the,det,DET,True
1,whale,live,amod,VERB,False
1,whale,right,amod,ADJ,False
1,whale,the,det,DET,True
1,whale,great,amod,ADJ,False
1,whale,sperm,compound,NOUN,False
1,whale,the,det,DET,True
1,whale,greenland,compound,PROPN,False
1,whale,the,det,DET,True
1,whale,greenland,compound,PROPN,False
1,whale,the,det,DET,True
1,whale,the,det,DET,True
1,whale,fabulous,amod,ADJ,False
2,fabulous,then,advmod,ADV,True
2,fabulous,or,cc,CCONJ,True
2,fabulous,unknown,conj,ADJ,False
1,whale,sperm,compound,NOUN,False
1,whale,the,det,DET,True
1,whale,greenland,compound,PROPN,False
1,whale,"all,--the",det,DET,False
1,whale,greenland,compound,PROPN,False
1,whale,"deposed,--the",det,DET,False
1,whale,great,amod,ADJ,False
1,whale,sperm,compound,NOUN,False
1,whale,the,det,DET,True
1,whale,sperm,compound,NOUN,False
2,sperm,live,compound,VERB,False
1,whale,the,det,DET,True
1,whale,sperm,compound,NOUN,False
1,whale,the,det,DET,True
1,whale,sperm,compound,NOUN,False
1,whale,scientific,amod,ADJ,False
2,scientific,or,cc,CCONJ,True
2,scientific,poetic,conj,ADJ,False
1,whale,all,det,DET,True
1,whale,other,amod,ADJ,True
1,whale,hunt,amod,VERB,False
1,whale,with,prep,ADP,True
2,with,hand,pobj,NOUN,False
1,whale,a,det,DET,True
1,whale,the,det,DET,True
1,whale,from,prep,ADP,True
2,from,fish,pobj,NOUN,False
1,whale,the,det,DET,True
1,whale,the,det,DET,True
1,whale,the,det,DET,True
1,whale,the,det,DET,True
1,whale,a,det,DET,True
1,whale,a,det,DET,True
1,whale,a,det,DET,True
1,whale,the,det,DET,True
1,whale,the,det,DET,True
1,whale,the,det,DET,True
1,whale,the,det,DET,True
1,whale,folio,compound,PROPN,False
1,whale,ii,appos,PROPN,False
1,whale,the,det,DET,True
1,whale,octavo,compound,PROPN,False
1,whale,iii,appos,PROPN,False
1,whale,the,det,DET,True
1,whale,sperm,compound,PROPN,False
1,whale,the,det,DET,True
1,whale,sperm,compound,PROPN,False
1,whale,ii,appos,PROPN,False
1,whale,the,det,DET,True
1,whale,right,compound,PROPN,False
1,whale,iii,appos,PROPN,False
1,whale,the,det,DET,True
1,whale,back,compound,NOUN,True
2,back,fin,compound,PROPN,False
1,whale,iv,appos,PROPN,False
1,whale,the,det,DET,True
1,whale,backed,compound,PROPN,False
2,backed,hump,compound,PROPN,False
1,whale,v.,appos,PROPN,False
2,v.,whale,appos,PROPN,False
2,v.,vi,appos,PROPN,False
1,whale,the,det,DET,True
1,whale,back,compound,NOUN,True
2,back,razor,compound,PROPN,False
1,whale,the,det,DET,True
1,whale,bottom,compound,NOUN,True
2,bottom,sulphur,compound,PROPN,False
1,whale,whale).--this,amod,PROPN,False
2,whale).--this,i.,npadvmod,PROPN,False
1,whale,among,prep,ADP,True
2,among,english,pobj,PROPN,False
1,whale,and,cc,CCONJ,True
1,whale,whale,conj,NOUN,False
2,whale,the,det,DET,True
2,whale,physeter,compound,PROPN,False
2,whale,and,cc,CCONJ,True
2,whale,whale,conj,NOUN,False
1,whale,the,det,DET,True
1,whale,trumpa,compound,PROPN,False
1,whale,the,det,DET,True
1,whale,physeter,compound,PROPN,False
1,whale,and,cc,CCONJ,True
1,whale,whale,conj,NOUN,False
2,whale,the,det,DET,True
2,whale,headed,compound,PROPN,False
1,whale,the,det,DET,True
1,whale,headed,compound,PROPN,False
2,headed,anvil,compound,PROPN,False
1,whale,all,det,DET,True
1,whale,the,det,DET,True
1,whale,sperm,compound,PROPN,False
1,whale,right,compound,PROPN,False
1,whale,the,det,DET,True
1,whale,greenland,compound,PROPN,False
1,whale,express,relcl,VERB,False
2,express,which,dobj,PRON,True
2,express,syllable,nsubj,NOUN,False
2,express,literally,advmod,ADV,False
1,whale,the,det,DET,True
1,whale,derive,relcl,VERB,False
2,derive,from,prep,ADP,True
2,derive,spermaceti,nsubjpass,NOUN,False
2,derive,be,auxpass,AUX,True
2,derive,really,advmod,ADV,True
1,whale,the,det,DET,True
1,whale,whale,appos,PROPN,False
2,whale,the,det,DET,True
2,whale,greenland,compound,PROPN,False
1,whale,whale,appos,PROPN,False
2,whale,the,det,DET,True
2,whale,black,compound,PROPN,False
2,whale,whale,appos,PROPN,False
1,whale,the,det,DET,True
1,whale,greenland,compound,PROPN,False
1,whale,the,det,DET,True
1,whale,black,compound,PROPN,False
1,whale,whale,appos,PROPN,False
2,whale,the,det,DET,True
2,whale,great,compound,PROPN,False
2,whale,whale,appos,PROPN,False
1,whale,the,det,DET,True
1,whale,great,compound,PROPN,False
1,whale,whale,appos,PROPN,False
2,whale,the,det,DET,True
2,whale,true,compound,ADJ,False
2,whale,whale,appos,PROPN,False
1,whale,the,det,DET,True
1,whale,true,compound,ADJ,False
1,whale,whale,appos,PROPN,False
2,whale,the,det,DET,True
2,whale,right,compound,PROPN,False
1,whale,the,det,DET,True
1,whale,right,compound,PROPN,False
1,whale,the,det,DET,True
1,whale,include,relcl,VERB,False
2,include,which,dobj,PRON,True
2,include,i,nsubj,PRON,True
2,include,in,prep,ADP,True
1,whale,the,det,DET,True
1,whale,greenland,compound,PROPN,False
1,whale,of,prep,ADP,True
2,of,whaleman,pobj,NOUN,False
1,whale,ordinaire,appos,PROPN,False
2,ordinaire,the,det,DET,True
2,ordinaire,baliene,compound,PROPN,False
2,ordinaire,of,prep,ADP,True
2,ordinaire,walfish,conj,PROPN,False
1,whale,the,det,DET,True
1,whale,the,det,DET,True
1,whale,pursue,relcl,VERB,False
2,pursue,which,dobj,PRON,True
2,pursue,fisherman,nsubj,NOUN,False
2,pursue,have,aux,AUX,True
2,pursue,long,advmod,ADV,False
2,pursue,in,prep,ADP,True
1,whale,the,det,DET,True
1,whale,greenland,compound,PROPN,False
1,whale,of,prep,ADP,True
2,of,english,pobj,PROPN,False
1,whale,and,cc,CCONJ,True
1,whale,whale,conj,NOUN,False
2,whale,the,det,DET,True
2,whale,right,amod,ADJ,False
2,whale,of,prep,ADP,True
1,whale,the,det,DET,True
1,whale,right,amod,ADJ,False
1,whale,of,prep,ADP,True
2,of,americans,pobj,PROPN,False
1,whale,the,det,DET,True
1,whale,right,amod,ADJ,False
1,whale,the,det,DET,True
1,whale,sperm,compound,NOUN,False
1,whale,the,det,DET,True
1,whale,descry,relcl,VERB,False
2,descry,jet,nsubjpass,NOUN,False
2,descry,be,auxpass,AUX,True
2,descry,often,advmod,ADV,True
2,descry,by,agent,ADP,True
1,whale,in,prep,ADP,True
2,in,track,pobj,NOUN,False
1,whale,the,det,DET,True
1,whale,right,amod,ADJ,False
1,whale,the,det,DET,True
1,whale,right,amod,ADJ,False
1,whale,among,prep,ADP,True
2,among,specie,pobj,NOUN,False
1,whale,with,prep,ADP,True
2,with,baleen,pobj,NOUN,False
1,whale,whalebone,compound,PROPN,False
1,whale,nosed,amod,ADJ,False
2,nosed,broad,amod,ADJ,False
1,whale,and,cc,CCONJ,True
1,whale,whale,conj,NOUN,False
2,whale,beaked,amod,ADJ,False
1,whale,whale,appos,NOUN,False
2,whale,head,amod,VERB,False
1,whale,whale,appos,NOUN,False
2,whale,bunch,amod,VERB,False
2,whale,whale,conj,NOUN,False
1,whale,beaked,amod,ADJ,False
1,whale,head,amod,VERB,False
2,head,pike,advmod,ADV,False
1,whale,bunch,amod,VERB,False
1,whale,whale,conj,NOUN,False
2,whale,jaw,amod,VERB,False
2,whale,and,cc,CCONJ,True
2,whale,whale,conj,NOUN,False
1,whale,jaw,amod,VERB,False
2,jaw,under,advmod,ADP,True
1,whale,and,cc,CCONJ,True
1,whale,whale,conj,NOUN,False
2,whale,rostrate,amod,VERB,False
1,whale,rostrate,amod,VERB,False
1,whale,whalebone,compound,PROPN,False
1,whale,the,det,DET,True
1,whale,in,prep,ADP,True
2,in,kind,pobj,NOUN,False
1,whale,the,det,DET,True
1,whale,sperm,compound,NOUN,False
1,whale,and,cc,CCONJ,True
1,whale,whale,conj,NOUN,False
2,whale,the,det,DET,True
2,whale,humpbacked,amod,ADJ,False
1,whale,the,det,DET,True
1,whale,humpbacked,amod,ADJ,False
1,whale,this,det,DET,True
1,whale,same,amod,ADJ,True
1,whale,humpbacke,amod,VERB,False
1,whale,and,cc,CCONJ,True
1,whale,whale,conj,NOUN,False
2,whale,the,det,DET,True
2,whale,greenland,compound,PROPN,False
1,whale,the,det,DET,True
1,whale,greenland,compound,PROPN,False
1,whale,the,det,DET,True
1,whale,the,det,DET,True
1,whale,greenland,compound,PROPN,False
1,whale,'s,case,PART,True
1,whale,the,det,DET,True
1,whale,greenland,compound,PROPN,False
1,whale,the,det,DET,True
1,whale,bodily,advmod,ADV,False
1,whale,back).--this,compound,PROPN,False
2,back).--this,hump,compound,PROPN,False
1,whale,the,det,DET,True
1,whale,elephant,nmod,PROPN,False
2,elephant,and,cc,CCONJ,True
2,elephant,castle,conj,PROPN,False
1,whale,the,det,DET,True
1,whale,sperm,compound,NOUN,False
1,whale,all,predet,DET,True
1,whale,the,det,DET,True
1,whale,this,det,DET,True
1,whale,the,det,DET,True
1,whale,of,prep,ADP,True
2,of,magnitude,pobj,NOUN,False
1,whale,be,relcl,AUX,True
2,be,present,nsubj,NOUN,False
2,be,may,aux,AUX,True
2,be,numbered:--i.,attr,PROPN,False
1,whale,the,det,DET,True
1,whale,of,prep,ADP,True
2,of,order,pobj,NOUN,False
1,whale,the,det,DET,True
1,whale,great,amod,ADJ,False
1,whale,sperm,compound,NOUN,False
1,whale,all,nummod,PRON,True
2,all,almost,advmod,ADV,True
1,whale,the,det,DET,True
1,whale,hyena,compound,PROPN,False
1,whale,this,det,DET,True
1,whale,sperm,compound,NOUN,False
1,whale,the,det,DET,True
1,whale,hyena,compound,PROPN,False
1,whale,these,det,DET,True
1,whale,a,det,DET,True
1,whale,name,amod,VERB,False
2,name,curiously,advmod,ADV,False
1,whale,the,det,DET,True
1,whale,tusked,amod,ADJ,False
1,whale,whale,appos,NOUN,False
2,whale,the,det,DET,True
2,whale,horn,amod,VERB,False
2,whale,and,cc,CCONJ,True
2,whale,whale,conj,NOUN,False
1,whale,the,det,DET,True
1,whale,horn,amod,VERB,False
1,whale,and,cc,CCONJ,True
1,whale,whale,conj,NOUN,False
2,whale,the,det,DET,True
2,whale,unicorn,compound,PROPN,False
1,whale,the,det,DET,True
1,whale,unicorn,compound,PROPN,False
1,whale,this,det,DET,True
1,whale,the,det,DET,True
1,whale,great,amod,ADJ,False
1,whale,folio,compound,PROPN,False
1,whale,this,det,DET,True
1,whale,the,det,DET,True
1,whale,folio,compound,PROPN,False
1,whale,'s,case,PART,True
1,whale,the,det,DET,True
1,whale,small,amod,ADJ,False
1,whale,infallibly,advmod,ADV,False
1,whale,a,det,DET,True
1,whale,the,det,DET,True
1,whale,great,amod,ADJ,False
1,whale,sperm,compound,PROPN,False
1,whale,himself,appos,PRON,True
1,whale,right,compound,ADJ,False
1,whale,the,det,DET,True
1,whale,uncertain,amod,ADJ,False
1,whale,fugitive,amod,ADJ,False
1,whale,fabulous,amod,ADJ,False
2,fabulous,half,amod,ADJ,False
1,whale,know,relcl,VERB,False
2,know,which,nsubj,PRON,True
2,know,as,prep,ADP,True
2,know,i,nsubj,PRON,True
2,know,by,prep,ADP,True
1,whale,the,det,DET,True
1,whale,follow,amod,VERB,False
1,whale,duodecimo,compound,PROPN,False
1,whale,magnitude:--the,compound,PROPN,False
1,whale,nose,compound,PROPN,False
2,nose,bottle,compound,PROPN,False
1,whale,the,det,DET,True
1,whale,junk,compound,PROPN,False
1,whale,whale,appos,PROPN,False
2,whale,the,det,DET,True
2,whale,headed,compound,PROPN,False
1,whale,whale,appos,PROPN,False
2,whale,the,det,DET,True
2,whale,cape,compound,PROPN,False
2,whale,whale,appos,PROPN,False
2,whale,whale,appos,PROPN,False
2,whale,whale,appos,PROPN,False
1,whale,from,prep,ADP,True
2,from,authority,pobj,NOUN,False
1,whale,the,det,DET,True
1,whale,headed,compound,PROPN,False
2,headed,pudding,compound,PROPN,False
1,whale,the,det,DET,True
1,whale,cape,compound,PROPN,False
1,whale,whale,appos,PROPN,False
2,whale,the,det,DET,True
2,whale,leading,compound,PROPN,False
1,whale,whale,appos,PROPN,False
2,whale,the,det,DET,True
2,whale,cannon,compound,PROPN,False
1,whale,whale,appos,PROPN,False
2,whale,the,det,DET,True
2,whale,scragg,compound,PROPN,False
2,whale,whale,appos,PROPN,False
2,whale,whale,appos,PROPN,False
1,whale,the,det,DET,True
1,whale,leading,compound,PROPN,False
1,whale,the,det,DET,True
1,whale,cannon,compound,PROPN,False
1,whale,the,det,DET,True
1,whale,scragg,compound,PROPN,False
1,whale,whale,appos,PROPN,False
2,whale,the,det,DET,True
2,whale,coppered,compound,PROPN,False
1,whale,whale,appos,PROPN,False
2,whale,the,det,DET,True
2,whale,elephant,compound,PROPN,False
2,whale,whale,appos,PROPN,False
1,whale,the,det,DET,True
1,whale,coppered,compound,PROPN,False
1,whale,the,det,DET,True
1,whale,elephant,compound,PROPN,False
1,whale,whale,appos,PROPN,False
2,whale,the,det,DET,True
2,whale,iceberg,compound,PROPN,False
2,whale,whale,appos,PROPN,False
1,whale,the,det,DET,True
1,whale,iceberg,compound,PROPN,False
1,whale,whale,appos,PROPN,False
2,whale,the,det,DET,True
2,whale,quog,compound,PROPN,False
2,whale,whale,appos,PROPN,False
1,whale,the,det,DET,True
1,whale,quog,compound,PROPN,False
1,whale,whale,appos,PROPN,False
2,whale,the,det,DET,True
2,whale,blue,compound,PROPN,False
2,whale,etc,conj,X,False
1,whale,the,det,DET,True
1,whale,blue,compound,PROPN,False
1,whale,etc,conj,X,False
1,whale,uncertain,amod,ADJ,False
1,whale,one,nummod,NUM,True
1,whale,a,det,DET,True
1,whale,tropic,npadvmod,NOUN,False
1,whale,southern,amod,ADJ,False
1,whale,the,det,DET,True
1,whale,greenland,compound,PROPN,False
1,whale,your,poss,PRON,True
1,whale,a,det,DET,True
1,whale,a,det,DET,True
1,whale,a,det,DET,True
1,whale,dead,amod,ADJ,False
1,whale,or,cc,CCONJ,True
1,whale,boat,conj,NOUN,False
2,boat,a,det,DET,True
2,boat,stove,compound,NOUN,False
1,whale,a,det,DET,True
1,whale,white,amod,ADJ,False
1,whale,a,det,DET,True
1,whale,head,amod,VERB,False
2,head,white,advmod,ADJ,False
1,whale,with,prep,ADP,True
2,with,brow,pobj,NOUN,False
1,whale,that,det,SCONJ,True
1,whale,head,amod,VERB,False
2,head,white,npadvmod,ADJ,False
1,whale,with,prep,ADP,True
2,with,puncture,pcomp,VERB,False
1,whale,that,det,DET,True
1,whale,same,amod,ADJ,True
1,whale,white,amod,ADJ,False
1,whale,a,det,DET,True
1,whale,white,amod,ADJ,False
1,whale,a,det,DET,True
1,whale,white,amod,ADJ,False
1,whale,that,det,SCONJ,True
1,whale,white,amod,ADJ,False
1,whale,the,det,DET,True
1,whale,white,amod,ADJ,False
1,whale,white,amod,ADJ,False
1,whale,razeed,relcl,VERB,False
2,razeed,that,nsubj,PRON,True
2,razeed,i,dobj,PRON,True
1,whale,that,det,DET,True
1,whale,white,amod,ADJ,False
1,whale,on,prep,ADP,True
2,on,side,pobj,NOUN,False
1,whale,the,det,DET,True
1,whale,white,amod,ADJ,False
1,whale,the,det,DET,True
1,whale,white,amod,ADJ,False
1,whale,hunt,compound,VERB,False
1,whale,not,neg,PART,True
1,whale,vengeance,appos,NOUN,False
2,vengeance,commander,poss,NOUN,False
1,whale,the,det,DET,True
1,whale,white,amod,ADJ,False
1,whale,white,amod,ADJ,False
1,whale,white,amod,ADJ,False
1,whale,the,det,DET,True
1,whale,the,det,DET,True
1,whale,white,amod,ADJ,False
1,whale,the,det,DET,True
1,whale,hat,amod,VERB,False
1,whale,the,det,DET,True
1,whale,white,amod,ADJ,False
1,whale,those,det,DET,True
1,whale,gallant,amod,ADJ,False
1,whale,blow,relcl,VERB,False
2,blow,that,nsubj,PRON,True
2,blow,at,prep,ADP,True
1,whale,those,det,DET,True
1,whale,fine,amod,ADJ,False
1,whale,hand,appos,PROPN,False
2,hand,boy,appos,NOUN,False
1,whale,the,det,DET,True
1,whale,his,poss,PRON,True
1,whale,white,amod,ADJ,False
1,whale,shirr,appos,PROPN,False
1,whale,the,det,DET,True
1,whale,white,amod,ADJ,False
1,whale,shirr,appos,NOUN,False
1,whale,white,compound,PROPN,False
1,whale,sperm,compound,PROPN,False
1,whale,a,det,DET,True
1,whale,sperm,compound,PROPN,False
1,whale,of,prep,ADP,True
2,of,magnitude,pobj,NOUN,False
1,whale,which,det,DET,True
1,whale,the,det,DET,True
1,whale,in,prep,ADP,True
2,in,question,pobj,NOUN,False
1,whale,sperm,compound,PROPN,False
1,whale,sperm,compound,PROPN,False
1,whale,the,det,DET,True
1,whale,the,det,DET,True
1,whale,white,compound,PROPN,False
1,whale,any,det,DET,True
1,whale,other,amod,ADJ,True
1,whale,of,prep,ADP,True
2,of,specie,pobj,NOUN,False
1,whale,the,det,DET,True
1,whale,white,compound,PROPN,False
1,whale,the,det,DET,True
1,whale,white,compound,PROPN,False
1,whale,the,det,DET,True
1,whale,white,compound,PROPN,False
1,whale,the,det,DET,True
1,whale,sperm,compound,PROPN,False
1,whale,the,det,DET,True
1,whale,greenland,nmod,PROPN,False
2,greenland,or,cc,CCONJ,True
2,greenland,right,conj,ADJ,False
1,whale,the,det,DET,True
1,whale,sperm,compound,PROPN,False
1,whale,the,det,DET,True
1,whale,sperm,compound,PROPN,False
1,whale,the,det,DET,True
1,whale,great,amod,ADJ,False
1,whale,sperm,compound,PROPN,False
1,whale,the,det,DET,True
1,whale,sperm,compound,PROPN,False
1,whale,the,det,DET,True
1,whale,sperm,compound,PROPN,False
1,whale,fish,appos,NOUN,False
2,fish,all,det,DET,True
2,fish,shark,appos,NOUN,False
1,whale,sperm,compound,PROPN,False
1,whale,the,det,DET,True
1,whale,sperm,compound,PROPN,False
1,whale,the,det,DET,True
1,whale,white,compound,PROPN,False
1,whale,the,det,DET,True
1,whale,sperm,compound,PROPN,False
1,whale,some,det,DET,True
1,whale,the,det,DET,True
1,whale,the,det,DET,True
1,whale,white,compound,PROPN,False
1,whale,other,amod,ADJ,True
1,whale,sperm,compound,NOUN,False
1,whale,the,det,DET,True
1,whale,white,compound,PROPN,False
1,whale,the,det,DET,True
1,whale,the,det,DET,True
1,whale,white,compound,PROPN,False
1,whale,'s,case,PART,True
1,whale,the,det,DET,True
1,whale,'s,case,PART,True
1,whale,the,det,DET,True
1,whale,the,det,DET,True
1,whale,the,det,DET,True
1,whale,white,compound,PROPN,False
1,whale,the,det,DET,True
1,whale,abhor,amod,VERB,False
1,whale,white,amod,ADJ,False
1,whale,the,det,DET,True
1,whale,'s,case,PART,True
1,whale,the,det,DET,True
1,whale,white,compound,PROPN,False
1,whale,job,poss,PROPN,False
2,job,a,det,DET,True
2,job,'s,case,PART,True
1,whale,the,det,DET,True
1,whale,white,compound,PROPN,False
1,whale,foe,appos,NOUN,False
2,foe,much,amod,ADJ,True
2,foe,their,poss,PRON,True
2,foe,insufferable,amod,ADJ,False
2,foe,as,prep,ADP,True
1,whale,the,det,DET,True
1,whale,white,compound,PROPN,False
1,whale,the,det,DET,True
1,whale,the,det,DET,True
1,whale,the,det,DET,True
1,whale,white,amod,ADJ,False
1,whale,the,det,DET,True
1,whale,the,det,DET,True
1,whale,albino,compound,ADJ,False
1,whale,sperm,compound,NOUN,False
1,whale,the,det,DET,True
1,whale,sperm,compound,NOUN,False
1,whale,'s,case,PART,True
1,whale,the,det,DET,True
1,whale,sperm,compound,NOUN,False
1,whale,'s,case,PART,True
1,whale,the,det,DET,True
1,whale,sperm,compound,NOUN,False
1,whale,the,det,DET,True
1,whale,sperm,compound,NOUN,False
1,whale,sperm,conj,NOUN,False
2,sperm,or,cc,CCONJ,True
2,sperm,right,conj,NOUN,False
1,whale,the,det,DET,True
1,whale,sperm,compound,NOUN,False
1,whale,guide,acl,VERB,False
2,guide,by,agent,ADP,True
1,whale,any,det,DET,True
1,whale,one,nummod,NUM,True
1,whale,the,det,DET,True
1,whale,gregarious,amod,ADJ,False
1,whale,sperm,compound,NOUN,False
1,whale,the,det,DET,True
1,whale,matured,amod,ADJ,False
1,whale,aged,amod,ADJ,False
1,whale,sperm,compound,NOUN,False
1,whale,the,det,DET,True
1,whale,white,amod,ADJ,False
1,whale,the,det,DET,True
1,whale,white,compound,PROPN,False
1,whale,one,nummod,NUM,True
1,whale,solitary,amod,ADJ,False
1,whale,encounter,acl,VERB,False
2,encounter,even,advmod,ADV,True
2,encounter,if,mark,SCONJ,True
1,whale,the,det,DET,True
1,whale,the,det,DET,True
1,whale,white,amod,ADJ,False
1,whale,sperm,compound,NOUN,False
1,whale,where,advmod,SCONJ,True
1,whale,a,det,DET,True
1,whale,the,det,DET,True
1,whale,strike,relcl,VERB,False
2,strike,he,nsubj,PRON,True
2,strike,have,aux,AUX,True
1,whale,this,det,DET,True
1,whale,the,det,DET,True
1,whale,the,det,DET,True
1,whale,'s,case,PART,True
1,whale,a,det,DET,True
1,whale,particular,amod,ADJ,False
1,whale,in,prep,ADP,True
2,in,ocean,pobj,NOUN,False
1,whale,such,predet,DET,True
1,whale,a,det,DET,True
1,whale,other,amod,ADJ,True
1,whale,any,det,DET,True
1,whale,chance,compound,NOUN,False
1,whale,such,predet,DET,True
1,whale,a,det,DET,True
1,whale,these,det,DET,True
1,whale,famous,amod,ADJ,False
1,whale,thou,compound,PROPN,False
1,whale,chilian,amod,ADJ,False
1,whale,mark,acl,VERB,False
2,mark,like,prep,ADP,False
2,mark,upon,prep,SCONJ,True
1,whale,four,nummod,NUM,True
1,whale,know,amod,VERB,False
2,know,as,advmod,ADV,True
2,know,well,advmod,ADV,True
2,know,to,prep,ADP,True
2,know,to,prep,ADP,True
1,whale,the,det,DET,True
1,whale,white,compound,PROPN,False
1,whale,a,det,DET,True
1,whale,a,det,DET,True
1,whale,the,det,DET,True
1,whale,sperm,compound,PROPN,False
1,whale,the,det,DET,True
1,whale,sperm,compound,PROPN,False
1,whale,sperm,compound,NOUN,False
1,whale,the,det,DET,True
1,whale,when,advmod,SCONJ,True
2,when,suddenly,advmod,ADV,False
1,whale,a,det,DET,True
1,whale,large,amod,ADJ,False
2,large,very,advmod,ADV,True
1,whale,escape,acl,VERB,False
2,escape,from,prep,ADP,True
1,whale,issue,acl,VERB,False
2,issue,from,prep,ADP,True
2,issue,and,cc,CCONJ,True
2,issue,bear,conj,VERB,False
1,whale,the,det,DET,True
1,whale,the,det,DET,True
1,whale,captain,dobj,NOUN,False
1,whale,any,det,DET,True
1,whale,a,det,DET,True
1,whale,sperm,compound,NOUN,False
2,sperm,portly,advmod,ADV,False
1,whale,beg,relcl,VERB,False
2,beg,that,nsubj,PRON,True
2,beg,business,dobj,NOUN,False
2,beg,with,prep,ADP,True
1,whale,that,det,DET,True
1,whale,the,det,DET,True
1,whale,sperm,compound,NOUN,False
1,whale,an,det,DET,True
1,whale,uncommon,amod,ADJ,False
1,whale,large,amod,ADJ,False
1,whale,an,det,DET,True
1,whale,unseen,amod,ADJ,False
1,whale,the,det,DET,True
1,whale,sperm,compound,NOUN,False
1,whale,a,det,DET,True
1,whale,run,amod,VERB,False
1,whale,sperm,compound,NOUN,False
1,whale,the,det,DET,True
1,whale,tow,acl,VERB,False
2,tow,hull,dobj,NOUN,False
2,tow,through,prep,ADP,True
1,whale,the,det,DET,True
1,whale,sperm,compound,NOUN,False
1,whale,a,det,DET,True
1,whale,a,det,DET,True
1,whale,sperm,compound,NOUN,False
1,whale,the,det,DET,True
1,whale,sperm,compound,NOUN,False
1,whale,the,det,DET,True
1,whale,sperm,compound,NOUN,False
1,whale,in,prep,ADP,True
2,in,mediterranean,pobj,PROPN,False
1,whale,a,det,DET,True
1,whale,sperm,compound,NOUN,False
1,whale,hence,advmod,ADV,True
1,whale,a,det,DET,True
1,whale,sperm,compound,NOUN,False
1,whale,the,det,DET,True
1,whale,right,amod,ADJ,False
1,whale,the,det,DET,True
1,whale,sperm,compound,NOUN,False
1,whale,a,det,DET,True
1,whale,sperm,compound,NOUN,False
1,whale,the,det,DET,True
1,whale,white,compound,PROPN,False
1,whale,all,det,DET,True
1,whale,sperm,compound,NOUN,False
1,whale,each,det,DET,True
1,whale,encounter,amod,VERB,False
2,encounter,subsequently,advmod,ADV,False
1,whale,the,det,DET,True
1,whale,white,compound,PROPN,False
1,whale,the,det,DET,True
1,whale,white,compound,PROPN,False
1,whale,the,det,DET,True
1,whale,sperm,compound,PROPN,False
1,whale,the,det,DET,True
1,whale,the,det,DET,True
1,whale,the,det,DET,True
1,whale,sperm,compound,PROPN,False
1,whale,the,det,DET,True
1,whale,the,det,DET,True
1,whale,white,compound,PROPN,False
1,whale,'s,case,PART,True
1,whale,at,prep,ADP,True
2,at,bottom,pobj,NOUN,True
1,whale,the,det,DET,True
1,whale,white,compound,PROPN,False
1,whale,the,det,DET,True
1,whale,white,compound,PROPN,False
1,whale,the,det,DET,True
1,whale,the,det,DET,True
1,whale,no,det,DET,True
1,whale,nor,cc,CCONJ,True
1,whale,sign,conj,NOUN,False
2,sign,any,det,DET,True
2,sign,of,prep,ADP,True
1,whale,nothing,appos,PRON,True
2,nothing,but,prep,CCONJ,True
2,nothing,hover,acl,VERB,False
1,whale,the,det,DET,True
1,whale,that,det,DET,True
1,whale,the,det,DET,True
1,whale,hunt,amod,VERB,False
1,whale,sperm,compound,NOUN,False
1,whale,the,det,DET,True
1,whale,three,nummod,NUM,True
1,whale,run,acl,VERB,False
2,run,dead,oprd,ADJ,False
1,whale,and,cc,CCONJ,True
1,whale,harpoon,conj,PROPN,False
1,whale,the,det,DET,True
1,whale,breed,xcomp,VERB,False
2,breed,to,aux,PART,True
2,breed,sort,dobj,NOUN,False
2,breed,philosophy,dobj,NOUN,False
1,whale,the,det,DET,True
1,whale,great,amod,ADJ,False
1,whale,white,compound,PROPN,False
1,whale,object,appos,NOUN,False
2,object,its,poss,PRON,True
1,whale,a,det,DET,True
1,whale,fly,amod,VERB,False
1,whale,the,det,DET,True
1,whale,the,det,DET,True
1,whale,his,poss,PRON,True
1,whale,the,det,DET,True
1,whale,white,compound,PROPN,False
1,whale,the,det,DET,True
1,whale,one,nummod,NUM,True
1,whale,same,amod,ADJ,True
2,same,self,npadvmod,NOUN,False
1,whale,that,det,DET,True
1,whale,dick,appos,PROPN,False
2,dick,moby,compound,PROPN,False
1,whale,the,det,DET,True
1,whale,white,compound,PROPN,False
1,whale,the,det,DET,True
1,whale,white,compound,PROPN,False
1,whale,'s,case,PART,True
1,whale,vessel,dobj,NOUN,False
2,vessel,cross,acl,VERB,False
1,whale,more,amod,ADJ,True
1,whale,than,prep,ADP,True
2,than,english,pobj,PROPN,False
1,whale,captain,dobj,NOUN,False
1,whale,the,det,DET,True
1,whale,white,compound,PROPN,False
1,whale,the,det,DET,True
1,whale,a,det,DET,True
1,whale,a,det,DET,True
1,whale,the,det,DET,True
1,whale,what,det,PRON,True
1,whale,a,det,DET,True
1,whale,the,det,DET,True
1,whale,snowy,amod,ADJ,False
1,whale,the,det,DET,True
1,whale,white,compound,PROPN,False
1,whale,whale,appos,PROPN,False
2,whale,the,det,DET,True
2,whale,white,compound,PROPN,False
1,whale,the,det,DET,True
1,whale,white,compound,PROPN,False
1,whale,the,det,DET,True
1,whale,'s,case,PART,True
1,whale,the,det,DET,True
1,whale,'s,case,PART,True
1,whale,the,det,DET,True
1,whale,the,det,DET,True
1,whale,the,det,DET,True
1,whale,the,det,DET,True
1,whale,the,det,DET,True
1,whale,awful,amod,ADJ,False
1,whale,white,amod,ADJ,False
1,whale,destroy,relcl,VERB,False
2,destroy,that,nsubj,PRON,True
2,destroy,he,dobj,PRON,True
1,whale,the,det,DET,True
1,whale,the,det,DET,True
1,whale,the,det,DET,True
1,whale,the,det,DET,True
1,whale,the,det,DET,True
1,whale,'s,case,PART,True
1,whale,the,det,DET,True
1,whale,hindoo,compound,PROPN,False
1,whale,half,amod,NOUN,False
1,whale,the,det,DET,True
1,whale,true,amod,ADJ,False
1,whale,'s,case,PART,True
1,whale,the,det,DET,True
1,whale,prodromus,compound,PROPN,False
1,whale,of,prep,ADP,True
2,of,sibbald,pobj,PROPN,False
1,whale,jonah,poss,PROPN,False
2,jonah,'s,case,PART,True
1,whale,depict,acl,VERB,False
2,depict,as,mark,SCONJ,True
2,depict,in,prep,ADP,True
1,whale,cut,conj,NOUN,False
2,cut,the,det,DET,True
2,cut,of,prep,ADP,True
1,whale,binder,poss,NOUN,False
2,binder,the,det,DET,True
2,binder,book,compound,NOUN,False
2,binder,'s,case,PART,True
1,whale,a,det,DET,True
1,whale,the,det,DET,True
1,whale,jet,relcl,NOUN,False
2,jet,where,advmod,SCONJ,True
2,jet,manner,nsubj,NOUN,False
2,jet,d'eau,dobj,NUM,False
1,whale,some,det,DET,True
1,whale,curious,amod,ADJ,False
1,whale,extract,acl,VERB,False
2,extract,from,prep,ADP,True
1,whale,the,det,DET,True
1,whale,the,det,DET,True
1,whale,the,det,DET,True
1,whale,a,det,DET,True
1,whale,physeter,nmod,PROPN,False
2,physeter,or,cc,CCONJ,True
2,physeter,spermaceti,conj,PROPN,False
1,whale,draw,acl,VERB,False
2,draw,by,agent,ADP,True
2,draw,from,prep,ADP,True
1,whale,a,det,DET,True
1,whale,full,amod,ADJ,True
1,whale,grow,amod,VERB,False
1,whale,sperm,compound,NOUN,False
1,whale,that,det,DET,True
1,whale,an,det,DET,True
1,whale,alleged,amod,ADJ,False
1,whale,this,det,DET,True
1,whale,unsightly,advmod,ADV,False
1,whale,the,det,DET,True
1,whale,mysticetus,nmod,PROPN,False
2,mysticetus,or,cc,CCONJ,True
2,mysticetus,greenland,conj,PROPN,False
1,whale,the,det,DET,True
1,whale,right,amod,ADJ,False
1,whale,the,det,DET,True
1,whale,sperm,compound,PROPN,False
1,whale,cuvier,poss,PROPN,False
2,cuvier,frederick,compound,PROPN,False
2,cuvier,'s,case,PART,True
1,whale,sperm,compound,PROPN,False
1,whale,a,det,DET,True
1,whale,sperm,compound,PROPN,False
1,whale,painter,poss,NOUN,False
2,painter,the,det,DET,True
2,painter,sign,compound,NOUN,False
1,whale,see,acl,VERB,False
2,see,in,prep,ADP,True
1,whale,hang,acl,VERB,False
2,hang,over,prep,ADP,True
1,whale,with,prep,ADP,True
2,with,hump,pobj,NOUN,False
1,whale,deformity,appos,NOUN,False
2,deformity,their,poss,PRON,True
2,deformity,flounder,acl,VERB,False
1,whale,the,det,DET,True
1,whale,the,det,DET,True
1,whale,live,amod,VERB,False
1,whale,a,det,DET,True
1,whale,young,amod,ADJ,False
1,whale,suck,amod,VERB,False
1,whale,and,cc,CCONJ,True
1,whale,leviathan,conj,PROPN,False
2,leviathan,a,det,DET,True
2,leviathan,grow,amod,VERB,False
2,leviathan,platonian,compound,PROPN,False
1,whale,those,det,DET,True
1,whale,young,amod,ADJ,False
1,whale,suck,amod,VERB,False
1,whale,hoist,acl,VERB,False
2,hoist,to,prep,ADP,True
1,whale,the,det,DET,True
1,whale,stranded,amod,ADJ,False
1,whale,the,det,DET,True
1,whale,the,det,DET,True
1,whale,the,det,DET,True
1,whale,a,det,DET,True
1,whale,yourself,dobj,PRON,True
1,whale,scenes,dobj,PROPN,False
1,whale,the,det,DET,True
1,whale,great,amod,ADJ,False
1,whale,sperm,compound,PROPN,False
1,whale,this,det,DET,True
1,whale,three,nummod,NUM,True
1,whale,in,prep,ADP,True
2,in,attitude,pobj,NOUN,False
1,whale,sperm,compound,PROPN,False
1,whale,the,det,DET,True
1,whale,right,compound,PROPN,False
1,whale,scene,dobj,NOUN,False
1,whale,the,det,DET,True
1,whale,live,amod,VERB,False
1,whale,and,cc,CCONJ,True
1,whale,whale,conj,VERB,False
2,whale,scene,dobj,NOUN,False
1,whale,scene,dobj,NOUN,False
1,whale,right,compound,PROPN,False
1,whale,a,det,DET,True
1,whale,noble,amod,ADJ,False
1,whale,sperm,compound,PROPN,False
1,whale,the,det,DET,True
1,whale,the,det,DET,True
1,whale,in,prep,ADP,True
2,in,expression,pobj,NOUN,False
1,whale,this,det,DET,True
1,whale,a,det,DET,True
1,whale,large,amod,ADJ,False
1,whale,run,amod,VERB,False
1,whale,right,compound,PROPN,False
1,whale,the,det,DET,True
1,whale,right,compound,PROPN,False
1,whale,a,det,DET,True
1,whale,dead,amod,ADJ,False
1,whale,fortress,appos,NOUN,False
2,fortress,a,det,DET,True
2,fortress,conquered,amod,ADJ,False
1,whale,the,det,DET,True
1,whale,the,det,DET,True
1,whale,greenland,compound,PROPN,False
1,whale,a,det,DET,True
1,whale,right,compound,PROPN,False
1,whale,alongside,advmod,ADV,False
1,whale,the,det,DET,True
1,whale,boiling,compound,NOUN,False
1,whale,three,nummod,NUM,True
1,whale,and,cc,CCONJ,True
1,whale,boat,conj,NOUN,False
2,boat,three,nummod,NUM,True
1,whale,the,det,DET,True
1,whale,foremost,amod,ADJ,False
1,whale,his,poss,PRON,True
1,whale,three,nummod,NUM,True
1,whale,good,amod,ADJ,False
1,whale,and,cc,CCONJ,True
1,whale,scene,conj,NOUN,False
2,scene,whaling,compound,NOUN,False
1,whale,wooden,compound,PROPN,False
1,whale,or,cc,CCONJ,True
1,whale,whale,conj,NOUN,False
2,whale,cut,acl,VERB,False
1,whale,cut,acl,VERB,False
2,cut,in,prep,ADP,True
2,cut,out,prep,ADP,True
1,whale,brass,compound,NOUN,False
1,whale,the,det,DET,True
1,whale,head,amod,VERB,False
2,head,anvil,npadvmod,NOUN,False
1,whale,these,det,DET,True
1,whale,knock,amod,VERB,False
1,whale,iron,compound,NOUN,False
2,iron,sheet,compound,NOUN,False
1,whale,place,acl,VERB,False
2,place,there,advmod,ADV,True
2,place,for,prep,ADP,True
1,whale,define,acl,VERB,False
2,define,along,prep,ADP,True
1,whale,great,amod,ADJ,False
1,whale,that,det,DET,True
1,whale,the,det,DET,True
1,whale,right,compound,PROPN,False
1,whale,the,det,DET,True
1,whale,right,compound,PROPN,False
1,whale,even,advmod,ADV,True
1,whale,the,det,DET,True
1,whale,mighty,amod,ADJ,False
1,whale,against,prep,ADP,True
2,against,rock,pobj,NOUN,False
1,whale,not,neg,PART,True
1,whale,a,det,DET,True
1,whale,the,det,DET,True
1,whale,white,compound,PROPN,False
1,whale,whale,appos,PROPN,False
2,whale,the,det,DET,True
2,whale,white,compound,PROPN,False
1,whale,the,det,DET,True
1,whale,white,compound,PROPN,False
1,whale,the,det,DET,True
1,whale,particular,amod,ADJ,False
1,whale,pursue,relcl,VERB,False
2,pursue,he,nsubj,PRON,True
1,whale,the,det,DET,True
1,whale,sperm,compound,NOUN,False
1,whale,the,det,DET,True
1,whale,spermaceti,compound,PROPN,False
1,whale,the,det,DET,True
1,whale,sperm,compound,NOUN,False
1,whale,the,det,DET,True
1,whale,the,det,DET,True
1,whale,stricken,amod,VERB,False
1,whale,the,det,DET,True
1,whale,of,prep,ADP,True
2,of,course,pobj,NOUN,False
1,whale,the,det,DET,True
1,whale,a,det,DET,True
1,whale,he,nsubj,PRON,True
1,whale,parm,compound,PROPN,False
1,whale,a,det,DET,True
1,whale,gigantic,amod,ADJ,False
1,whale,sperm,compound,PROPN,False
1,whale,the,det,DET,True
1,whale,poor,amod,ADJ,False
1,whale,the,det,DET,True
1,whale,the,det,DET,True
1,whale,the,det,DET,True
1,whale,the,det,DET,True
1,whale,sperm,compound,NOUN,False
1,whale,'s,case,PART,True
1,whale,the,det,DET,True
1,whale,the,det,DET,True
1,whale,the,det,DET,True
1,whale,'s,case,PART,True
1,whale,the,det,DET,True
1,whale,the,det,DET,True
1,whale,the,det,DET,True
1,whale,wan,amod,VERB,False
1,whale,the,det,DET,True
1,whale,the,det,DET,True
1,whale,the,det,DET,True
1,whale,the,det,DET,True
1,whale,the,det,DET,True
1,whale,the,det,DET,True
1,whale,same,amod,ADJ,True
1,whale,the,det,DET,True
1,whale,the,det,DET,True
1,whale,one,nummod,NUM,True
1,whale,strong,amod,ADJ,False
2,strong,unusually,advmod,ADV,False
2,strong,active,conj,ADJ,False
1,whale,stubb,poss,PROPN,False
2,stubb,'s,case,PART,True
1,whale,the,det,DET,True
1,whale,heaving,compound,NOUN,False
1,whale,this,det,DET,True
1,whale,a,det,DET,True
1,whale,thousand,nummod,NUM,False
1,whale,other,amod,ADJ,True
1,whale,the,det,DET,True
1,whale,the,det,DET,True
1,whale,the,det,DET,True
1,whale,the,det,DET,True
1,whale,the,det,DET,True
1,whale,sperm,compound,PROPN,False
1,whale,designate,acl,VERB,False
2,designate,by,agent,ADP,True
1,whale,'s,case,PART,True
1,whale,the,det,DET,True
1,whale,of,prep,ADP,True
2,of,bigness,pobj,NOUN,False
1,whale,the,det,DET,True
1,whale,a,det,DET,True
1,whale,dead,amod,ADJ,False
1,whale,sperm,compound,NOUN,False
1,whale,moor,acl,VERB,False
2,moor,by,prep,ADP,True
2,moor,to,prep,ADP,True
1,whale,dat,compound,PROPN,False
1,whale,dat,compound,PROPN,False
1,whale,dat,compound,PROPN,False
1,whale,dat,compound,PROPN,False
1,whale,wish,nmod,PROPN,False
2,wish,by,prep,ADP,True
1,whale,the,det,DET,True
1,whale,as,prep,ADP,True
2,as,dish,pobj,NOUN,False
1,whale,the,det,DET,True
1,whale,right,compound,PROPN,False
1,whale,the,det,DET,True
1,whale,cooked,amod,ADJ,False
1,whale,the,det,DET,True
1,whale,a,det,DET,True
1,whale,small,amod,ADJ,False
1,whale,sperm,compound,PROPN,False
1,whale,the,det,DET,True
1,whale,the,det,DET,True
1,whale,a,det,DET,True
1,whale,capture,amod,VERB,False
1,whale,sperm,compound,PROPN,False
1,whale,the,det,DET,True
1,whale,the,det,DET,True
1,whale,the,det,DET,True
1,whale,the,det,DET,True
1,whale,the,det,DET,True
1,whale,the,det,DET,True
1,whale,both,preconj,CCONJ,True
1,whale,and,cc,CCONJ,True
1,whale,heaving,conj,NOUN,False
2,heaving,windlass,compound,NOUN,False
1,whale,sing,conj,VERB,False
2,sing,heaver,compound,NOUN,False
2,sing,coil,conj,VERB,False
1,whale,the,det,DET,True
1,whale,the,det,DET,True
1,whale,the,det,DET,True
1,whale,'s,case,PART,True
1,whale,the,det,DET,True
1,whale,the,det,DET,True
1,whale,the,det,DET,True
1,whale,tremendous,amod,ADJ,False
1,whale,the,det,DET,True
1,whale,a,det,DET,True
1,whale,large,amod,ADJ,False
2,large,very,advmod,ADV,True
1,whale,sperm,compound,PROPN,False
1,whale,the,det,DET,True
1,whale,'s,case,PART,True
1,whale,the,det,DET,True
1,whale,sperm,compound,PROPN,False
1,whale,one,nummod,NUM,True
1,whale,sperm,compound,PROPN,False
1,whale,in,prep,ADP,True
2,in,particular,amod,ADJ,False
1,whale,the,det,DET,True
1,whale,mark,amod,VERB,False
2,mark,mystic,advmod,ADV,False
1,whale,the,det,DET,True
1,whale,sperm,compound,PROPN,False
1,whale,the,det,DET,True
1,whale,sperm,compound,PROPN,False
1,whale,the,det,DET,True
1,whale,other,amod,ADJ,True
1,whale,the,det,DET,True
1,whale,the,det,DET,True
1,whale,the,det,DET,True
1,whale,a,det,DET,True
1,whale,greenland,compound,PROPN,False
1,whale,the,det,DET,True
1,whale,a,det,DET,True
1,whale,polar,amod,ADJ,False
1,whale,the,det,DET,True
1,whale,the,det,DET,True
1,whale,great,amod,ADJ,False
1,whale,the,det,DET,True
1,whale,behead,amod,VERB,False
1,whale,the,det,DET,True
1,whale,the,det,DET,True
1,whale,ween,appos,ADJ,False
2,ween,i,nsubj,PRON,True
1,whale,need,relcl,VERB,False
2,need,peradventure,npadvmod,NOUN,False
2,need,he,nsubj,PRON,True
2,need,have,aux,AUX,True
2,need,it,dobj,PRON,True
1,whale,not,neg,PART,True
1,whale,the,det,DET,True
1,whale,mighty,amod,ADJ,False
1,whale,the,det,DET,True
1,whale,'s,case,PART,True
1,whale,the,det,DET,True
1,whale,great,amod,ADJ,False
1,whale,'s,case,PART,True
1,whale,the,det,DET,True
1,whale,sperm,compound,PROPN,False
1,whale,the,det,DET,True
1,whale,a,det,DET,True
1,whale,sperm,compound,NOUN,False
1,whale,a,det,DET,True
1,whale,small,amod,ADJ,False
1,whale,hoist,relcl,VERB,False
2,hoist,it,nsubjpass,PRON,True
2,hoist,be,auxpass,AUX,True
2,hoist,on,prep,ADP,True
1,whale,the,det,DET,True
1,whale,sperm,compound,NOUN,False
1,whale,'s,case,PART,True
1,whale,pequod,poss,PROPN,False
2,pequod,the,det,DET,True
2,pequod,'s,case,PART,True
1,whale,the,det,DET,True
1,whale,'s,case,PART,True
1,whale,the,det,DET,True
1,whale,white,compound,PROPN,False
1,whale,the,det,DET,True
1,whale,hoist,amod,VERB,False
1,whale,sperm,compound,NOUN,False
1,whale,'s,case,PART,True
1,whale,the,det,DET,True
1,whale,white,compound,PROPN,False
1,whale,the,det,DET,True
1,whale,white,compound,PROPN,False
1,whale,the,det,DET,True
1,whale,sperm,compound,PROPN,False
1,whale,the,det,DET,True
1,whale,the,det,DET,True
1,whale,white,compound,PROPN,False
1,whale,the,det,DET,True
1,whale,a,det,DET,True
1,whale,the,det,DET,True
1,whale,'s,case,PART,True
1,whale,the,det,DET,True
1,whale,the,det,DET,True
1,whale,the,det,DET,True
1,whale,the,det,DET,True
1,whale,dead,amod,ADJ,False
1,whale,'s,case,PART,True
1,whale,the,det,DET,True
1,whale,and,cc,CCONJ,True
1,whale,ship,conj,NOUN,False
1,whale,threaten,relcl,VERB,False
2,threaten,which,nsubj,PRON,True
2,threaten,would,aux,AUX,True
2,threaten,jam,xcomp,VERB,False
1,whale,the,det,DET,True
1,whale,and,cc,CCONJ,True
1,whale,ship,conj,NOUN,False
2,ship,the,det,DET,True
2,ship,fall,relcl,VERB,False
1,whale,a,det,DET,True
1,whale,dead,amod,ADJ,False
1,whale,the,det,DET,True
1,whale,a,det,DET,True
1,whale,a,det,DET,True
1,whale,stubb,nmod,PROPN,False
2,stubb,and,cc,CCONJ,True
2,stubb,kill,conj,PROPN,False
1,whale,a,det,DET,True
1,whale,right,amod,ADJ,False
1,whale,and,cc,CCONJ,True
1,whale,have,conj,VERB,True
2,have,then,advmod,ADV,True
2,have,talk,dobj,NOUN,False
1,whale,a,det,DET,True
1,whale,sperm,compound,PROPN,False
1,whale,'s,case,PART,True
1,whale,a,det,DET,True
1,whale,sperm,compound,PROPN,False
1,whale,a,det,DET,True
1,whale,right,compound,PROPN,False
1,whale,the,det,DET,True
1,whale,tow,amod,VERB,False
1,whale,the,det,DET,True
1,whale,the,det,DET,True
1,whale,beyond,prep,ADV,True
1,whale,the,det,DET,True
1,whale,fagged,amod,ADJ,False
1,whale,the,det,DET,True
1,whale,sperm,compound,PROPN,False
1,whale,'s,case,PART,True
1,whale,a,det,DET,True
1,whale,sperm,compound,PROPN,False
1,whale,'s,case,PART,True
1,whale,at,prep,ADP,True
2,at,time,pobj,NOUN,False
1,whale,a,det,DET,True
1,whale,right,compound,PROPN,False
1,whale,'s,case,PART,True
1,whale,on,prep,ADP,True
2,on,larboard,pobj,NOUN,False
1,whale,that,det,DET,True
1,whale,white,compound,PROPN,False
1,whale,this,det,DET,True
1,whale,the,det,DET,True
1,whale,this,det,DET,True
1,whale,the,det,DET,True
1,whale,this,det,DET,True
1,whale,right,amod,ADJ,False
1,whale,'s,case,PART,True
1,whale,the,det,DET,True
1,whale,sperm,compound,NOUN,False
1,whale,'s,case,PART,True
1,whale,a,det,DET,True
1,whale,right,amod,ADJ,False
1,whale,a,det,DET,True
1,whale,sperm,compound,NOUN,False
1,whale,both,det,DET,True
1,whale,the,det,DET,True
1,whale,right,amod,ADJ,False
1,whale,'s,case,PART,True
1,whale,the,det,DET,True
1,whale,sperm,compound,PROPN,False
1,whale,'s,case,PART,True
1,whale,two,nummod,NUM,True
1,whale,great,amod,ADJ,False
1,whale,the,det,DET,True
1,whale,sperm,compound,PROPN,False
1,whale,and,cc,CCONJ,True
1,whale,whale,conj,PROPN,False
2,whale,the,det,DET,True
2,whale,right,compound,PROPN,False
1,whale,the,det,DET,True
1,whale,right,compound,PROPN,False
1,whale,the,det,DET,True
1,whale,only,amod,ADJ,True
1,whale,hunt,acl,VERB,False
2,hunt,regularly,advmod,ADV,False
2,hunt,by,agent,ADP,True
1,whale,the,det,DET,True
1,whale,the,det,DET,True
1,whale,sperm,compound,PROPN,False
1,whale,'s,case,PART,True
1,whale,the,det,DET,True
1,whale,right,compound,PROPN,False
1,whale,'s,case,PART,True
1,whale,the,det,DET,True
1,whale,sperm,compound,PROPN,False
1,whale,'s,case,PART,True
1,whale,a,det,DET,True
1,whale,head,amod,VERB,False
2,head,grey,npadvmod,NOUN,False
1,whale,either,det,DET,True
1,whale,'s,case,PART,True
1,whale,the,det,DET,True
1,whale,'s,case,PART,True
1,whale,the,det,DET,True
1,whale,'s,case,PART,True
1,whale,the,det,DET,True
1,whale,'s,case,PART,True
1,whale,the,det,DET,True
1,whale,the,det,DET,True
1,whale,the,det,DET,True
1,whale,'s,case,PART,True
1,whale,the,det,DET,True
1,whale,some,det,DET,True
1,whale,such,amod,ADJ,True
1,whale,the,det,DET,True
1,whale,the,det,DET,True
1,whale,sperm,compound,NOUN,False
1,whale,and,cc,CCONJ,True
1,whale,right,conj,NOUN,False
2,right,the,det,DET,True
1,whale,the,det,DET,True
1,whale,the,det,DET,True
1,whale,sperm,compound,NOUN,False
1,whale,'s,case,PART,True
1,whale,some,det,DET,True
1,whale,sulky,amod,ADJ,False
1,whale,this,det,DET,True
1,whale,old,amod,ADJ,False
1,whale,the,det,DET,True
1,whale,right,compound,PROPN,False
1,whale,'s,case,PART,True
1,whale,the,det,DET,True
1,whale,right,compound,PROPN,False
1,whale,'s,case,PART,True
1,whale,the,det,DET,True
1,whale,noble,amod,ADJ,False
1,whale,sperm,compound,PROPN,False
1,whale,'s,case,PART,True
1,whale,the,det,DET,True
1,whale,right,compound,PROPN,False
1,whale,'s,case,PART,True
1,whale,the,det,DET,True
1,whale,right,compound,PROPN,False
1,whale,this,det,DET,True
1,whale,this,det,DET,True
1,whale,unfortunate,amod,ADJ,False
1,whale,the,det,DET,True
1,whale,right,compound,PROPN,False
1,whale,the,det,DET,True
1,whale,right,compound,PROPN,False
1,whale,the,det,DET,True
1,whale,'s,case,PART,True
1,whale,the,det,DET,True
1,whale,right,compound,PROPN,False
1,whale,the,det,DET,True
1,whale,the,det,DET,True
1,whale,right,compound,PROPN,False
1,whale,'s,case,PART,True
1,whale,the,det,DET,True
1,whale,sperm,compound,PROPN,False
1,whale,and,cc,CCONJ,True
1,whale,whale,conj,PROPN,False
2,whale,the,det,DET,True
2,whale,right,compound,PROPN,False
1,whale,the,det,DET,True
1,whale,right,compound,PROPN,False
1,whale,the,det,DET,True
1,whale,right,compound,PROPN,False
1,whale,'s,case,PART,True
1,whale,the,det,DET,True
1,whale,sperm,compound,PROPN,False
1,whale,'s,case,PART,True
1,whale,the,det,DET,True
1,whale,sperm,compound,PROPN,False
1,whale,the,det,DET,True
1,whale,right,compound,PROPN,False
1,whale,the,det,DET,True
1,whale,sperm,compound,PROPN,False
1,whale,the,det,DET,True
1,whale,sperm,compound,PROPN,False
1,whale,'s,case,PART,True
1,whale,this,det,DET,True
1,whale,right,amod,ADJ,False
1,whale,take,ccomp,VERB,True
2,take,i,nsubj,PRON,True
2,take,be,xcomp,AUX,True
1,whale,the,det,DET,True
1,whale,sperm,compound,PROPN,False
1,whale,platonian,appos,PROPN,False
2,platonian,a,det,DET,True
1,whale,take,relcl,VERB,False
2,take,who,nsubj,PRON,True
2,take,might,aux,AUX,True
2,take,have,aux,AUX,True
2,take,up,prt,ADP,True
2,take,spinoza,dobj,PROPN,False
2,take,in,prep,ADP,True
1,whale,the,det,DET,True
1,whale,sperm,compound,PROPN,False
1,whale,'s,case,PART,True
1,whale,the,det,DET,True
1,whale,sperm,compound,PROPN,False
1,whale,front,appos,NOUN,True
2,front,the,det,DET,True
2,front,of,prep,ADP,True
1,whale,the,det,DET,True
1,whale,the,det,DET,True
1,whale,sperm,compound,PROPN,False
1,whale,'s,case,PART,True
1,whale,the,det,DET,True
1,whale,the,det,DET,True
1,whale,sperm,compound,PROPN,False
1,whale,the,det,DET,True
1,whale,sperm,compound,PROPN,False
1,whale,the,det,DET,True
1,whale,sperm,compound,PROPN,False
1,whale,the,det,DET,True
1,whale,the,det,DET,True
1,whale,sperm,compound,PROPN,False
1,whale,'s,case,PART,True
1,whale,the,det,DET,True
1,whale,the,det,DET,True
1,whale,sperm,compound,PROPN,False
1,whale,the,det,DET,True
1,whale,'s,case,PART,True
1,whale,the,det,DET,True
1,whale,a,det,DET,True
1,whale,large,amod,ADJ,False
1,whale,'s,case,PART,True
1,whale,the,det,DET,True
1,whale,sperm,compound,PROPN,False
1,whale,'s,case,PART,True
1,whale,the,det,DET,True
1,whale,sperm,compound,PROPN,False
1,whale,a,det,DET,True
1,whale,sized,amod,ADJ,False
2,sized,good,amod,ADJ,False
1,whale,the,det,DET,True
1,whale,the,det,DET,True
1,whale,sperm,compound,PROPN,False
1,whale,'s,case,PART,True
1,whale,the,det,DET,True
1,whale,sperm,compound,PROPN,False
1,whale,'s,case,PART,True
1,whale,the,det,DET,True
1,whale,sperm,compound,PROPN,False
1,whale,the,det,DET,True
1,whale,the,det,DET,True
1,whale,the,det,DET,True
1,whale,sperm,compound,PROPN,False
1,whale,the,det,DET,True
1,whale,the,det,DET,True
1,whale,the,det,DET,True
1,whale,sperm,compound,PROPN,False
1,whale,the,det,DET,True
1,whale,great,amod,ADJ,False
1,whale,sperm,compound,PROPN,False
1,whale,dignity,appos,NOUN,False
2,dignity,this,det,DET,True
2,dignity,high,amod,ADJ,False
2,dignity,like,amod,ADJ,False
2,dignity,inherent,amod,ADJ,False
1,whale,the,det,DET,True
1,whale,sperm,compound,PROPN,False
1,whale,the,det,DET,True
1,whale,sperm,compound,PROPN,False
1,whale,the,det,DET,True
1,whale,great,amod,ADJ,False
1,whale,sperm,compound,PROPN,False
1,whale,the,det,DET,True
1,whale,sperm,compound,PROPN,False
1,whale,the,det,DET,True
1,whale,great,amod,ADJ,False
1,whale,sperm,compound,PROPN,False
1,whale,the,det,DET,True
1,whale,sperm,compound,PROPN,False
1,whale,'s,case,PART,True
1,whale,the,det,DET,True
1,whale,sperm,compound,PROPN,False
1,whale,the,det,DET,True
1,whale,sperm,compound,PROPN,False
1,whale,the,det,DET,True
1,whale,the,det,DET,True
1,whale,'s,case,PART,True
1,whale,the,det,DET,True
1,whale,sperm,compound,PROPN,False
1,whale,the,det,DET,True
1,whale,'s,case,PART,True
1,whale,the,det,DET,True
1,whale,sperm,compound,PROPN,False
1,whale,'s,case,PART,True
1,whale,the,det,DET,True
1,whale,sperm,compound,PROPN,False
1,whale,the,det,DET,True
1,whale,white,compound,PROPN,False
1,whale,eight,nummod,NUM,True
1,whale,pod,appos,NOUN,False
2,pod,an,det,DET,True
2,pod,average,amod,ADJ,False
1,whale,this,det,DET,True
1,whale,look,intj,VERB,False
1,whale,do,aux,AUX,True
1,whale,ever,advmod,ADV,True
1,whale,yaw,dobj,PROPN,False
1,whale,before,advmod,ADV,True
2,before,so,advmod,ADV,True
1,whale,this,det,DET,True
1,whale,old,amod,ADJ,False
1,whale,therefore,advmod,ADV,True
1,whale,the,det,DET,True
1,whale,valuable,amod,ADJ,False
2,valuable,most,advmod,ADV,True
1,whale,the,det,DET,True
1,whale,other,amod,ADJ,True
1,whale,the,det,DET,True
1,whale,'s,case,PART,True
1,whale,the,det,DET,True
1,whale,the,det,DET,True
1,whale,the,det,DET,True
1,whale,'s,case,PART,True
1,whale,this,det,DET,True
1,whale,the,det,DET,True
1,whale,the,det,DET,True
1,whale,stricken,amod,VERB,False
1,whale,a,det,DET,True
1,whale,full,amod,ADJ,True
1,whale,sperm,compound,NOUN,False
2,sperm,grow,amod,VERB,False
1,whale,a,det,DET,True
1,whale,the,det,DET,True
1,whale,wound,amod,VERB,False
1,whale,the,det,DET,True
1,whale,the,det,DET,True
1,whale,the,det,DET,True
1,whale,this,det,DET,True
1,whale,the,det,DET,True
1,whale,'s,case,PART,True
1,whale,the,det,DET,True
1,whale,spout,acl,VERB,False
2,spout,now,advmod,ADV,True
2,spout,blood,dobj,NOUN,False
1,whale,the,det,DET,True
1,whale,the,det,DET,True
1,whale,sunken,amod,ADJ,False
1,whale,the,det,DET,True
1,whale,capture,amod,VERB,False
1,whale,the,det,DET,True
1,whale,the,det,DET,True
1,whale,kill,amod,VERB,False
2,kill,recently,advmod,ADV,False
1,whale,sperm,compound,PROPN,False
1,whale,the,det,DET,True
1,whale,dead,amod,ADJ,False
1,whale,sperm,compound,PROPN,False
1,whale,the,det,DET,True
1,whale,only,amod,ADJ,True
1,whale,sink,relcl,VERB,False
2,sink,that,nsubj,PRON,True
2,sink,thus,advmod,ADV,True
1,whale,young,amod,ADJ,False
1,whale,the,det,DET,True
1,whale,sperm,compound,PROPN,False
1,whale,right,amod,ADJ,False
1,whale,the,det,DET,True
1,whale,right,compound,PROPN,False
1,whale,the,det,DET,True
1,whale,sperm,compound,PROPN,False
1,whale,the,det,DET,True
1,whale,sunken,amod,ADJ,False
1,whale,a,det,DET,True
1,whale,right,compound,PROPN,False
1,whale,uncapturable,amod,ADJ,False
1,whale,the,det,DET,True
1,whale,sperm,compound,PROPN,False
1,whale,'s,case,PART,True
1,whale,the,det,DET,True
1,whale,first,amod,ADJ,True
1,whale,attack,acl,VERB,False
2,attack,by,agent,ADP,True
1,whale,a,det,DET,True
1,whale,assert,relcl,VERB,False
2,assert,legend,nsubj,NOUN,False
2,assert,be,xcomp,AUX,True
1,whale,a,det,DET,True
1,whale,many,amod,ADJ,True
1,whale,chronicle,compound,NOUN,False
2,chronicle,old,amod,ADJ,False
1,whale,and,cc,CCONJ,True
1,whale,dragon,conj,NOUN,False
1,whale,a,det,DET,True
1,whale,a,det,DET,True
1,whale,the,det,DET,True
1,whale,george,poss,PROPN,False
2,george,st.,compound,PROPN,False
2,george,'s,case,PART,True
1,whale,a,det,DET,True
1,whale,like,prep,ADP,False
2,like,patron,pobj,NOUN,False
1,whale,a,det,DET,True
1,whale,the,det,DET,True
1,whale,the,det,DET,True
1,whale,the,det,DET,True
1,whale,the,det,DET,True
1,whale,the,det,DET,True
1,whale,a,det,DET,True
1,whale,the,det,DET,True
1,whale,in,prep,ADP,True
2,in,chapter,pobj,NOUN,False
1,whale,the,det,DET,True
1,whale,the,det,DET,True
1,whale,jonah,poss,PROPN,False
2,jonah,'s,case,PART,True
1,whale,the,det,DET,True
1,whale,right,compound,PROPN,False
1,whale,the,det,DET,True
1,whale,'s,case,PART,True
1,whale,the,det,DET,True
1,whale,right,compound,PROPN,False
1,whale,'s,case,PART,True
1,whale,the,det,DET,True
1,whale,right,compound,PROPN,False
1,whale,the,det,DET,True
1,whale,'s,case,PART,True
1,whale,a,det,DET,True
1,whale,dead,amod,ADJ,False
1,whale,a,det,DET,True
1,whale,for,prep,ADP,True
2,for,head,pobj,NOUN,False
1,whale,the,det,DET,True
1,whale,the,det,DET,True
1,whale,the,det,DET,True
1,whale,in,prep,ADP,True
2,in,sea,pobj,PROPN,False
1,whale,the,det,DET,True
1,whale,any,det,DET,True
1,whale,noon,compound,NOUN,False
1,whale,the,det,DET,True
1,whale,stricken,amod,VERB,False
1,whale,without,prep,ADP,True
2,without,sound,pcomp,VERB,False
1,whale,the,det,DET,True
1,whale,fly,amod,VERB,False
1,whale,an,det,DET,True
1,whale,inveterate,amod,ADJ,False
1,whale,running,amod,NOUN,False
1,whale,a,det,DET,True
1,whale,the,det,DET,True
1,whale,tow,amod,VERB,False
1,whale,the,det,DET,True
1,whale,the,det,DET,True
1,whale,the,det,DET,True
1,whale,agonized,amod,ADJ,False
1,whale,the,det,DET,True
1,whale,great,amod,ADJ,False
1,whale,the,det,DET,True
1,whale,the,det,DET,True
1,whale,the,det,DET,True
1,whale,sperm,compound,PROPN,False
1,whale,'s,case,PART,True
1,whale,the,det,DET,True
1,whale,live,relcl,VERB,False
2,live,who,nsubj,PRON,True
2,live,systematically,advmod,ADV,False
2,live,by,prep,ADP,True
1,whale,hour,appos,NOUN,False
2,hour,his,poss,PRON,True
2,hour,full,amod,ADJ,True
2,hour,more,nummod,ADJ,True
1,whale,the,det,DET,True
1,whale,sperm,compound,PROPN,False
1,whale,the,det,DET,True
1,whale,the,det,DET,True
1,whale,'s,case,PART,True
1,whale,the,det,DET,True
1,whale,sperm,compound,PROPN,False
1,whale,the,det,DET,True
1,whale,the,det,DET,True
1,whale,sperm,compound,PROPN,False
1,whale,the,det,DET,True
1,whale,the,det,DET,True
1,whale,say,relcl,VERB,True
2,say,to,aux,PART,True
1,whale,the,det,DET,True
1,whale,sperm,compound,PROPN,False
1,whale,the,det,DET,True
1,whale,sperm,compound,PROPN,False
1,whale,the,det,DET,True
1,whale,sperm,compound,PROPN,False
1,whale,'s,case,PART,True
1,whale,a,det,DET,True
1,whale,the,det,DET,True
1,whale,'s,case,PART,True
1,whale,the,det,DET,True
1,whale,the,det,DET,True
1,whale,sperm,compound,PROPN,False
1,whale,all,det,DET,True
1,whale,other,amod,ADJ,True
1,whale,the,det,DET,True
1,whale,large,amod,ADJ,False
1,whale,sized,amod,ADJ,False
1,whale,sperm,compound,PROPN,False
1,whale,'s,case,PART,True
1,whale,the,det,DET,True
1,whale,full,amod,ADJ,True
1,whale,grown,amod,ADJ,False
1,whale,the,det,DET,True
1,whale,whole,amod,ADJ,True
1,whale,the,det,DET,True
1,whale,one,nummod,NUM,True
1,whale,sperm,compound,NOUN,False
1,whale,another,det,DET,True
1,whale,sperm,compound,NOUN,False
1,whale,the,det,DET,True
1,whale,the,det,DET,True
1,whale,the,det,DET,True
1,whale,the,det,DET,True
1,whale,in,prep,ADP,True
2,in,security,pobj,NOUN,False
1,whale,the,det,DET,True
1,whale,'s,case,PART,True
1,whale,the,det,DET,True
1,whale,the,det,DET,True
1,whale,and,cc,CCONJ,True
1,whale,elephant,conj,NOUN,False
2,elephant,the,det,DET,True
1,whale,the,det,DET,True
1,whale,sperm,compound,NOUN,False
1,whale,'s,case,PART,True
1,whale,the,det,DET,True
1,whale,the,det,DET,True
1,whale,do,relcl,VERB,True
2,do,that,dobj,SCONJ,True
2,do,dog,nsubj,NOUN,False
2,do,to,prep,ADP,True
1,whale,the,det,DET,True
1,whale,indeed,advmod,ADV,True
1,whale,the,det,DET,True
1,whale,this,det,DET,True
1,whale,the,det,DET,True
1,whale,sperm,compound,PROPN,False
1,whale,sperm,compound,PROPN,False
1,whale,the,det,DET,True
1,whale,sperm,compound,PROPN,False
1,whale,the,det,DET,True
1,whale,right,compound,PROPN,False
1,whale,fall,relcl,VERB,False
2,fall,which,nsubj,PRON,True
2,fall,divide,advcl,VERB,False
2,fall,over,prt,ADP,True
2,fall,in,prep,ADP,True
1,whale,the,det,DET,True
1,whale,sperm,compound,PROPN,False
1,whale,the,det,DET,True
1,whale,the,det,DET,True
1,whale,swift,amod,ADJ,False
1,whale,the,det,DET,True
1,whale,the,det,DET,True
1,whale,sperm,compound,PROPN,False
1,whale,the,det,DET,True
1,whale,the,det,DET,True
1,whale,the,det,DET,True
1,whale,gallie,amod,VERB,False
2,gallie,strangely,advmod,ADV,False
1,whale,before,prep,ADP,True
2,before,we,pobj,PRON,True
1,whale,the,det,DET,True
1,whale,some,det,DET,True
1,whale,one,nummod,NUM,True
1,whale,lone,amod,ADJ,False
1,whale,on,prep,ADP,True
2,on,outskirt,pobj,NOUN,False
1,whale,the,det,DET,True
1,whale,the,det,DET,True
1,whale,whatever,det,DET,True
1,whale,gallie,amod,VERB,False
1,whale,use,relcl,VERB,True
2,use,that,mark,SCONJ,True
2,use,drugg,nsubjpass,NOUN,False
2,use,be,auxpass,AUX,True
1,whale,more,amod,ADJ,True
1,whale,sperm,compound,NOUN,False
1,whale,the,det,DET,True
1,whale,our,poss,PRON,True
1,whale,'s,case,PART,True
1,whale,tow,compound,VERB,False
1,whale,two,nummod,NUM,True
1,whale,the,det,DET,True
1,whale,outermost,amod,ADJ,False
1,whale,the,det,DET,True
1,whale,these,det,DET,True
1,whale,small,amod,ADJ,False
1,whale,and,cc,CCONJ,True
2,and,now,advmod,ADV,True
1,whale,visit,conj,VERB,False
2,visit,then,advmod,ADV,True
2,visit,boat,dobj,NOUN,False
2,visit,from,prep,ADP,True
1,whale,the,det,DET,True
1,whale,these,det,DET,True
1,whale,the,det,DET,True
1,whale,unborn,amod,ADJ,False
1,whale,who,det,PRON,True
1,whale,struck?--two,compound,PROPN,False
1,whale,little,conj,ADJ,False
2,little,one,nummod,NUM,True
2,little,one,nummod,NUM,True
1,whale,the,det,DET,True
1,whale,stricken,amod,VERB,False
1,whale,the,det,DET,True
1,whale,sperm,compound,NOUN,False
1,whale,as,prep,ADP,True
2,as,with,prep,ADP,True
1,whale,but,cc,CCONJ,True
1,whale,unlike,conj,ADP,False
2,unlike,fish,pobj,NOUN,False
1,whale,a,det,DET,True
1,whale,nursing,compound,NOUN,False
1,whale,the,det,DET,True
1,whale,the,det,DET,True
1,whale,the,det,DET,True
1,whale,enrage,amod,VERB,False
1,whale,drug,amod,VERB,False
1,whale,a,det,DET,True
1,whale,a,det,DET,True
1,whale,wound,acl,VERB,False
2,wound,learn,advcl,VERB,False
2,wound,in,prep,ADP,True
2,wound,but,cc,CCONJ,True
2,wound,effectually,conj,ADV,False
2,wound,seem,advcl,VERB,True
1,whale,this,det,DET,True
1,whale,this,det,DET,True
1,whale,the,det,DET,True
1,whale,form,acl,VERB,False
2,form,margin,dobj,NOUN,False
1,whale,the,det,DET,True
1,whale,random,amod,ADJ,False
1,whale,the,det,DET,True
1,whale,fugitive,amod,ADJ,False
1,whale,drug,amod,VERB,False
1,whale,a,det,DET,True
1,whale,dead,amod,ADJ,False
1,whale,the,det,DET,True
1,whale,"fishery,--the",det,DET,False
1,whale,more,amod,ADV,True
1,whale,all,predet,DET,True
1,whale,the,det,DET,True
1,whale,drug,amod,VERB,False
1,whale,my,poss,PRON,True
1,whale,lord,compound,PROPN,False
1,whale,the,det,DET,True
1,whale,come,relcl,VERB,False
2,come,who,nsubj,PRON,True
2,come,sometimes,advmod,ADV,True
2,come,to,prep,ADP,True
2,come,and,cc,CCONJ,True
2,come,for,conj,ADP,True
1,whale,other,amod,ADJ,True
1,whale,my,poss,PRON,True
1,whale,lord,compound,PROPN,False
1,whale,ottoman,compound,PROPN,False
1,whale,the,det,DET,True
1,whale,schoolmaster,amod,ADJ,False
1,whale,a,det,DET,True
1,whale,lone,amod,ADJ,False
1,whale,those,det,DET,True
1,whale,female,amod,ADJ,False
1,whale,those,det,DET,True
1,whale,wondrous,amod,ADJ,False
1,whale,head,amod,VERB,False
2,head,grey,npadvmod,NOUN,False
1,whale,grizzle,amod,VERB,False
1,whale,a,det,DET,True
1,whale,a,det,DET,True
1,whale,a,det,DET,True
1,whale,chase,acl,VERB,False
2,chase,previously,advmod,ADV,False
2,chase,or,cc,CCONJ,True
2,chase,kill,conj,VERB,False
1,whale,a,det,DET,True
1,whale,in,prep,ADP,True
2,in,sea,pobj,NOUN,False
1,whale,the,det,DET,True
1,whale,the,det,DET,True
1,whale,their,poss,PRON,True
1,whale,line,conj,NOUN,False
2,line,harpoon,conj,NOUN,False
1,whale,the,det,DET,True
1,whale,the,det,DET,True
1,whale,controvert,amod,VERB,False
1,whale,harpoon,conj,NOUN,False
2,harpoon,and,cc,CCONJ,True
2,harpoon,line,conj,NOUN,False
1,whale,the,det,DET,True
1,whale,all,det,DET,True
1,whale,capture,acl,VERB,False
2,capture,by,agent,ADP,True
1,whale,the,det,DET,True
1,whale,a,det,DET,True
1,whale,fine,amod,ADJ,False
1,whale,descry,relcl,VERB,False
2,descry,which,dobj,PRON,True
2,descry,they,nsubj,PRON,True
2,descry,have,aux,AUX,True
2,descry,originally,advmod,ADV,False
2,descry,afar,advmod,ADV,False
2,descry,off,advmod,ADV,True
1,whale,the,det,DET,True
1,whale,'s,case,PART,True
1,whale,the,det,DET,True
1,whale,this,det,DET,True
1,whale,the,det,DET,True
1,whale,the,det,DET,True
1,whale,the,det,DET,True
1,whale,catch,acl,VERB,False
2,catch,so,advmod,ADV,True
1,whale,the,det,DET,True
1,whale,greenland,nmod,PROPN,False
2,greenland,or,cc,CCONJ,True
2,greenland,right,conj,ADJ,False
1,whale,the,det,DET,True
1,whale,and,cc,CCONJ,True
1,whale,sturgeon,conj,NOUN,False
2,sturgeon,the,det,DET,True
1,whale,the,det,DET,True
1,whale,king,appos,PROPN,False
2,king,the,det,DET,True
2,king,receive,acl,VERB,False
1,whale,those,det,DET,True
1,whale,drug,amod,VERB,False
1,whale,tickle,relcl,VERB,False
2,tickle,we,nsubj,PRON,True
2,tickle,day,npadvmod,NOUN,False
1,whale,the,det,DET,True
1,whale,alongside,advmod,ADV,False
1,whale,a,det,DET,True
1,whale,blasted,amod,ADJ,False
1,whale,is,relcl,ADV,True
2,is,that,advmod,ADV,True
1,whale,whale,appos,NOUN,False
2,whale,a,det,DET,True
2,whale,die,relcl,VERB,False
1,whale,a,det,DET,True
1,whale,die,relcl,VERB,False
2,die,that,nsubj,PRON,True
2,die,have,aux,AUX,True
2,die,unmolested,acomp,ADJ,False
1,whale,a,det,DET,True
1,whale,second,amod,ADJ,False
1,whale,this,det,DET,True
1,whale,second,amod,ADJ,False
1,whale,those,det,DET,True
1,whale,problematical,amod,ADJ,False
1,whale,seem,relcl,VERB,True
2,seem,that,nsubj,PRON,True
2,seem,dry,xcomp,VERB,False
1,whale,such,predet,DET,True
1,whale,a,det,DET,True
1,whale,as,prep,ADP,True
2,as,this,pobj,PRON,True
1,whale,these,det,DET,True
1,whale,sperm,compound,PROPN,False
1,whale,the,det,DET,True
1,whale,drug,amod,VERB,False
1,whale,there,advmod,ADV,True
1,whale,aye,appos,ADJ,False
2,aye,mean,parataxis,VERB,False
2,aye,and,cc,CCONJ,True
2,aye,be,conj,AUX,True
1,whale,that,det,DET,True
1,whale,drug,amod,VERB,False
1,whale,the,det,DET,True
1,whale,other,amod,ADJ,True
1,whale,the,det,DET,True
1,whale,blasted,amod,ADJ,False
1,whale,the,det,DET,True
1,whale,white,compound,PROPN,False
1,whale,what,nsubj,NOUN,True
1,whale,the,det,DET,True
1,whale,white,compound,PROPN,False
1,whale,whale,appos,PROPN,False
2,whale,a,det,DET,True
2,whale,sperm,compound,PROPN,False
2,whale,dick,appos,PROPN,False
1,whale,a,det,DET,True
1,whale,sperm,compound,PROPN,False
1,whale,dick,appos,PROPN,False
2,dick,moby,compound,PROPN,False
1,whale,such,predet,DET,True
1,whale,a,det,DET,True
1,whale,white,compound,PROPN,False
1,whale,no,appos,INTJ,True
1,whale,those,det,DET,True
1,whale,such,amod,ADJ,True
1,whale,the,det,DET,True
1,whale,a,det,DET,True
1,whale,blasted,amod,ADJ,False
1,whale,bring,relcl,VERB,False
2,bring,they,nsubj,PRON,True
2,bring,have,aux,AUX,True
2,bring,alongside,advmod,ADV,False
1,whale,the,det,DET,True
1,whale,other,amod,ADJ,True
1,whale,one,appos,NOUN,True
2,one,the,det,DET,True
2,one,dry,amod,VERB,False
1,whale,the,det,DET,True
1,whale,these,det,DET,True
1,whale,the,det,DET,True
1,whale,light,amod,ADJ,False
1,whale,of,prep,ADP,True
2,of,two,pobj,NUM,True
1,whale,his,poss,PRON,True
1,whale,the,det,DET,True
1,whale,stubb,poss,PROPN,False
2,stubb,'s,case,PART,True
1,whale,a,det,DET,True
1,whale,sick,amod,ADJ,False
1,whale,the,det,DET,True
1,whale,frenchman,poss,PROPN,False
2,frenchman,the,det,DET,True
2,frenchman,'s,case,PART,True
1,whale,two,nummod,NUM,True
1,whale,all,det,DET,True
1,whale,as,prep,ADP,True
2,as,specie,pobj,NOUN,False
1,whale,the,det,DET,True
1,whale,a,det,DET,True
1,whale,sperm,compound,PROPN,False
1,whale,'s,case,PART,True
1,whale,the,det,DET,True
1,whale,sperm,compound,PROPN,False
1,whale,the,det,DET,True
1,whale,the,det,DET,True
1,whale,the,det,DET,True
1,whale,the,det,DET,True
1,whale,stricken,amod,VERB,False
1,whale,the,det,DET,True
1,whale,a,det,DET,True
1,whale,the,det,DET,True
1,whale,the,det,DET,True
1,whale,that,det,DET,True
1,whale,of,prep,ADP,True
2,of,stubb,pobj,PROPN,False
1,whale,the,det,DET,True
1,whale,sperm,compound,NOUN,False
1,whale,the,det,DET,True
1,whale,the,det,DET,True
1,whale,'s,case,PART,True
1,whale,right,amod,ADJ,False
1,whale,the,det,DET,True
1,whale,'s,case,PART,True
1,whale,the,det,DET,True
1,whale,the,det,DET,True
1,whale,the,det,DET,True
1,whale,'s,case,PART,True
1,whale,the,det,DET,True
1,whale,the,det,DET,True
1,whale,'s,case,PART,True
1,whale,the,det,DET,True
1,whale,the,det,DET,True
1,whale,more,amod,ADJ,True
1,whale,soil,relcl,VERB,False
2,soil,which,nsubj,PRON,True
2,soil,catch,advcl,VERB,False
2,soil,infallibly,advmod,ADV,False
2,soil,will,aux,AUX,True
2,soil,again,advmod,ADV,True
2,soil,furniture,dobj,NOUN,False
1,whale,another,det,DET,True
1,whale,the,det,DET,True
1,whale,white,amod,PROPN,False
1,whale,'s,case,PART,True
1,whale,a,det,DET,True
1,whale,certain,amod,ADJ,False
1,whale,the,det,DET,True
1,whale,white,compound,PROPN,False
1,whale,the,det,DET,True
1,whale,white,compound,PROPN,False
1,whale,the,det,DET,True
1,whale,white,compound,PROPN,False
1,whale,the,det,DET,True
1,whale,white,compound,PROPN,False
1,whale,sperm,compound,NOUN,False
1,whale,a,det,DET,True
1,whale,the,det,DET,True
1,whale,white,compound,PROPN,False
1,whale,the,det,DET,True
1,whale,white,compound,PROPN,False
1,whale,four,nummod,NUM,True
2,four,or,cc,CCONJ,True
2,four,five,conj,NUM,True
1,whale,a,det,DET,True
1,whale,bounce,amod,VERB,False
1,whale,great,amod,ADJ,False
1,whale,with,prep,ADP,True
2,with,head,pobj,NOUN,False
1,whale,the,det,DET,True
1,whale,other,amod,ADJ,True
1,whale,'s,case,PART,True
1,whale,what,det,PRON,True
1,whale,a,det,DET,True
1,whale,noble,amod,ADJ,False
1,whale,great,amod,ADJ,False
1,whale,the,det,DET,True
1,whale,'s,case,PART,True
1,whale,the,det,DET,True
1,whale,white,compound,PROPN,False
1,whale,what,det,PRON,True
1,whale,the,det,DET,True
1,whale,the,det,DET,True
1,whale,white,compound,PROPN,False
1,whale,'s,case,PART,True
1,whale,the,det,DET,True
1,whale,the,det,DET,True
1,whale,sperm,compound,PROPN,False
1,whale,the,det,DET,True
1,whale,great,amod,ADJ,False
1,whale,sperm,compound,PROPN,False
1,whale,sperm,compound,PROPN,False
1,whale,discovery,compound,NOUN,False
1,whale,cheer,dobj,NOUN,False
2,cheer,good,amod,ADJ,False
1,whale,greenland,nmod,PROPN,False
2,greenland,and,cc,CCONJ,True
2,greenland,spitzbergen,conj,PROPN,False
1,whale,fly,amod,VERB,False
1,whale,the,det,DET,True
1,whale,sperm,compound,PROPN,False
1,whale,the,det,DET,True
1,whale,a,det,DET,True
1,whale,grow,amod,VERB,False
2,grow,full,amod,ADJ,True
1,whale,the,det,DET,True
1,whale,adult,compound,NOUN,False
1,whale,a,det,DET,True
1,whale,cub,compound,NOUN,False
2,cub,small,amod,ADJ,False
1,whale,sperm,compound,PROPN,False
1,whale,a,det,DET,True
1,whale,great,amod,ADJ,False
1,whale,sperm,compound,PROPN,False
1,whale,find,relcl,VERB,False
2,find,which,nsubjpass,PRON,True
2,find,after,prep,ADP,True
2,find,have,aux,AUX,True
2,find,be,auxpass,AUX,True
2,find,dead,oprd,ADJ,False
2,find,and,cc,CCONJ,True
2,find,strand,conj,VERB,False
1,whale,this,det,DET,True
1,whale,wondrous,amod,ADJ,False
1,whale,other,amod,ADJ,True
1,whale,a,det,DET,True
1,whale,greenland,nmod,PROPN,False
2,greenland,or,cc,CCONJ,True
2,greenland,river,conj,PROPN,False
1,whale,in,prep,ADP,True
2,in,states,pobj,PROPN,False
1,whale,a,det,DET,True
1,whale,sperm,compound,PROPN,False
1,whale,the,det,DET,True
1,whale,strand,amod,VERB,False
1,whale,belong,relcl,VERB,False
2,belong,to,prep,PART,True
2,belong,skeleton,nsubj,NOUN,False
1,whale,clifford,poss,PROPN,False
2,clifford,sir,compound,PROPN,False
2,clifford,'s,case,PART,True
1,whale,the,det,DET,True
1,whale,the,det,DET,True
1,whale,'s,case,PART,True
1,whale,the,det,DET,True
1,whale,sized,amod,ADJ,False
2,sized,large,amod,ADJ,False
1,whale,greenland,compound,PROPN,False
1,whale,of,prep,ADP,True
2,of,foot,pobj,NOUN,False
1,whale,in,prep,ADP,True
2,in,length,pobj,NOUN,False
1,whale,say,parataxis,VERB,True
2,say,i,nsubj,PRON,True
1,whale,a,det,DET,True
1,whale,sperm,compound,PROPN,False
1,whale,of,prep,ADP,True
2,of,magnitude,pobj,NOUN,False
1,whale,and,cc,CCONJ,True
1,whale,something,conj,PRON,True
2,something,foot,appos,NOUN,False
2,something,in,prep,ADP,True
1,whale,such,predet,DET,True
1,whale,a,det,DET,True
1,whale,the,det,DET,True
1,whale,sperm,compound,PROPN,False
1,whale,'s,case,PART,True
1,whale,the,det,DET,True
1,whale,the,det,DET,True
1,whale,this,det,DET,True
1,whale,particular,amod,ADJ,False
1,whale,this,det,DET,True
1,whale,wondrous,amod,ADJ,False
1,whale,the,det,DET,True
1,whale,invest,amod,VERB,False
2,invest,fully,advmod,ADV,False
1,whale,the,det,DET,True
1,whale,fossil,compound,PROPN,False
1,whale,the,det,DET,True
1,whale,pre,amod,ADJ,False
1,whale,adamite,amod,ADJ,False
1,whale,a,det,DET,True
1,whale,the,det,DET,True
1,whale,the,det,DET,True
1,whale,'s,case,PART,True
1,whale,the,det,DET,True
1,whale,exist,relcl,VERB,False
2,exist,which,nsubj,PRON,True
2,exist,needs,aux,AUX,False
2,exist,be,advcl,AUX,True
1,whale,the,det,DET,True
1,whale,no,det,DET,True
1,whale,a,det,DET,True
1,whale,'s,case,PART,True
1,whale,the,det,DET,True
1,whale,the,det,DET,True
1,whale,the,det,DET,True
1,whale,'s,case,PART,True
1,whale,the,det,DET,True
1,whale,of,prep,ADP,True
2,of,day,pobj,NOUN,False
1,whale,to,prep,ADP,True
2,to,those,pobj,PRON,True
1,whale,the,det,DET,True
1,whale,find,acl,VERB,False
2,find,in,prep,ADP,True
1,whale,all,predet,DET,True
1,whale,the,det,DET,True
1,whale,pre,amod,ADJ,False
1,whale,adamite,amod,ADJ,False
1,whale,exhume,acl,VERB,False
2,exhume,yet,advmod,ADV,True
1,whale,a,det,DET,True
1,whale,large,amod,ADJ,False
1,whale,sized,amod,ADJ,False
1,whale,modern,amod,ADJ,False
1,whale,the,det,DET,True
1,whale,of,prep,ADP,True
2,of,hour,pobj,NOUN,False
1,whale,the,det,DET,True
1,whale,right,compound,PROPN,False
1,whale,the,det,DET,True
1,whale,of,prep,ADP,True
2,of,to,pobj,ADP,True
1,whale,the,det,DET,True
1,whale,alone,advmod,ADV,True
1,whale,the,det,DET,True
1,whale,last,amod,ADJ,True
1,whale,like,prep,ADP,False
2,like,man,pobj,NOUN,False
1,whale,with,prep,ADP,True
2,with,herd,pobj,NOUN,False
1,whale,the,det,DET,True
1,whale,hunt,amod,VERB,False
1,whale,the,det,DET,True
1,whale,sperm,compound,PROPN,False
1,whale,those,det,DET,True
1,whale,influence,acl,VERB,False
2,influence,by,agent,ADP,True
1,whale,the,det,DET,True
1,whale,call,amod,VERB,False
2,call,so,advmod,ADV,True
1,whale,bone,compound,NOUN,False
2,bone,whale,compound,NOUN,False
1,whale,the,det,DET,True
1,whale,bone,compound,NOUN,False
2,bone,whale,compound,NOUN,False
1,whale,these,det,DET,True
1,whale,bone,compound,NOUN,False
2,bone,whale,compound,NOUN,False
1,whale,these,det,DET,True
1,whale,not,neg,PART,True
1,whale,"13,000",appos,NUM,False
2,"13,000",less,amod,ADJ,True
2,"13,000",than,quantmod,ADP,True
1,whale,the,det,DET,True
1,whale,great,amod,ADJ,False
1,whale,outlast,appos,NOUN,False
1,whale,the,det,DET,True
1,whale,eternal,amod,ADJ,False
1,whale,sperm,compound,PROPN,False
1,whale,vessel,dobj,NOUN,False
1,whale,right,amod,ADJ,False
1,whale,sperm,compound,NOUN,False
1,whale,'s,case,PART,True
1,whale,the,det,DET,True
1,whale,live,amod,VERB,False
1,whale,a,det,DET,True
1,whale,or,cc,CCONJ,True
1,whale,gale,conj,NOUN,False
2,gale,a,det,DET,True
2,gale,or,cc,CCONJ,True
2,gale,destroyer,conj,NOUN,False
1,whale,the,det,DET,True
1,whale,hat,amod,VERB,False
1,whale,white,compound,PROPN,False
1,whale,the,det,DET,True
1,whale,white,compound,PROPN,False
1,whale,a,det,DET,True
1,whale,like,prep,ADP,False
2,like,bone,pobj,NOUN,False
1,whale,the,det,DET,True
1,whale,white,compound,PROPN,False
1,whale,the,det,DET,True
1,whale,white,compound,PROPN,False
1,whale,'s,case,PART,True
1,whale,the,det,DET,True
1,whale,the,det,DET,True
1,whale,last,amod,ADJ,True
1,whale,slay,relcl,VERB,False
2,slay,they,nsubj,PRON,True
2,slay,have,aux,AUX,True
1,whale,the,det,DET,True
1,whale,white,compound,PROPN,False
1,whale,the,det,DET,True
1,whale,dying,compound,PROPN,False
1,whale,the,det,DET,True
1,whale,all,det,DET,True
1,whale,sperm,compound,NOUN,False
1,whale,die,acl,VERB,False
1,whale,oh,intj,INTJ,False
1,whale,the,det,DET,True
1,whale,four,nummod,NUM,True
1,whale,one,appos,NUM,True
2,one,far,advmod,ADV,False
2,one,one,conj,NUM,True
2,one,leeward,relcl,VERB,False
2,one,one,conj,NUM,True
1,whale,the,det,DET,True
1,whale,dead,amod,ADJ,False
1,whale,'s,case,PART,True
1,whale,the,det,DET,True
1,whale,'s,case,PART,True
1,whale,the,det,DET,True
1,whale,the,det,DET,True
1,whale,dead,amod,ADJ,False
1,whale,the,det,DET,True
1,whale,"tail,--",appos,NOUN,False
2,"tail,--",flourishin,poss,NOUN,False
2,"tail,--",his,poss,PRON,True
1,whale,lad,appos,NOUN,False
2,lad,such,predet,DET,True
2,lad,a,det,DET,True
2,lad,funny,amod,ADJ,False
2,lad,sporty,amod,ADJ,False
2,lad,poky,compound,NOUN,False
1,whale,the,det,DET,True
1,whale,white,compound,PROPN,False
1,whale,the,det,DET,True
1,whale,white,compound,PROPN,False
1,whale,the,det,DET,True
1,whale,white,compound,PROPN,False
1,whale,the,det,DET,True
1,whale,white,compound,PROPN,False
1,whale,'s,case,PART,True
1,whale,the,det,DET,True
1,whale,white,compound,PROPN,False
1,whale,lead,relcl,VERB,False
2,lead,which,nsubj,PRON,True
2,lead,have,aux,AUX,True
2,lead,they,dobj,PRON,True
2,lead,from,prep,ADP,True
1,whale,the,det,DET,True
1,whale,stricken,amod,VERB,False
1,whale,the,det,DET,True
1,whale,white,amod,ADJ,False
1,whale,the,det,DET,True
1,whale,white,compound,PROPN,False
1,whale,the,det,DET,True
1,whale,white,compound,PROPN,False
1,whale,my,poss,PRON,True
1,whale,first,amod,ADJ,True
1,whale,harpooneer,appos,NOUN,False
2,harpooneer,a,det,DET,True
2,harpooneer,boy,compound,NOUN,False
2,harpooneer,of,prep,ADP,True
1,whale,a,det,DET,True
1,whale,the,det,DET,True
1,whale,sperm,compound,NOUN,False
2,sperm,live,compound,VERB,False
1,whale,the,det,DET,True
1,whale,famous,amod,ADJ,False
1,whale,pursue,relcl,VERB,False
2,pursue,they,nsubj,PRON,True
2,pursue,have,aux,AUX,True
2,pursue,long,advmod,ADV,False
2,pursue,be,aux,AUX,True
1,whale,the,det,DET,True
1,whale,the,det,DET,True
1,whale,white,compound,PROPN,False
1,whale,the,det,DET,True
1,whale,'s,case,PART,True
1,whale,the,det,DET,True
1,whale,white,amod,ADJ,False
1,whale,'s,case,PART,True
1,whale,the,det,DET,True
1,whale,gliding,compound,NOUN,False
1,whale,the,det,DET,True
1,whale,glorify,amod,VERB,False
1,whale,white,compound,PROPN,False
1,whale,the,det,DET,True
1,whale,yet,cc,CCONJ,True
1,whale,calm,amod,ADJ,False
1,whale,calm,nmod,ADJ,False
2,calm,entice,amod,VERB,False
1,whale,oh,intj,INTJ,False
1,whale,the,det,DET,True
1,whale,'s,case,PART,True
1,whale,the,det,DET,True
1,whale,'s,case,PART,True
1,whale,the,det,DET,True
1,whale,the,det,DET,True
1,whale,white,compound,PROPN,False
1,whale,the,det,DET,True
1,whale,the,det,DET,True
1,whale,'s,case,PART,True
1,whale,the,det,DET,True
1,whale,'s,case,PART,True
1,whale,the,det,DET,True
1,whale,sperm,compound,NOUN,False
1,whale,the,det,DET,True
1,whale,the,det,DET,True
1,whale,'s,case,PART,True
1,whale,the,det,DET,True
1,whale,white,compound,PROPN,False
1,whale,'s,case,PART,True
1,whale,the,det,DET,True
1,whale,white,amod,ADJ,False
1,whale,the,det,DET,True
1,whale,the,det,DET,True
1,whale,'s,case,PART,True
1,whale,the,det,DET,True
1,whale,white,compound,PROPN,False
1,whale,one,nummod,NUM,True
1,whale,particular,amod,ADJ,False
1,whale,a,det,DET,True
1,whale,the,det,DET,True
1,whale,this,det,DET,True
1,whale,o,intj,INTJ,False
1,whale,the,det,DET,True
1,whale,white,compound,PROPN,False
1,whale,the,det,DET,True
1,whale,sperm,compound,PROPN,False
1,whale,the,det,DET,True
1,whale,white,compound,PROPN,False
1,whale,the,det,DET,True
1,whale,head,preconj,NOUN,False
2,head,and,cc,CCONJ,True
2,head,"head,--that",conj,NOUN,False
1,whale,the,det,DET,True
1,whale,'s,case,PART,True
1,whale,the,det,DET,True
1,whale,white,compound,PROPN,False
1,whale,the,det,DET,True
1,whale,white,compound,PROPN,False
1,whale,the,det,DET,True
1,whale,the,det,DET,True
1,whale,white,compound,PROPN,False
1,whale,the,det,DET,True
1,whale,white,compound,PROPN,False
1,whale,the,det,DET,True
1,whale,white,amod,ADJ,False
1,whale,nor,cc,CCONJ,True
1,whale,man,conj,NOUN,False
2,man,nor,cc,CCONJ,True
2,man,fiend,conj,VERB,False
1,whale,the,det,DET,True
1,whale,the,det,DET,True
1,whale,the,det,DET,True
1,whale,the,det,DET,True
1,whale,white,amod,ADJ,False
1,whale,the,det,DET,True
1,whale,the,det,DET,True
1,whale,white,amod,ADJ,False
1,whale,the,det,DET,True
1,whale,white,compound,PROPN,False
1,whale,the,det,DET,True
1,whale,the,det,DET,True
1,whale,the,det,DET,True
1,whale,the,det,DET,True
1,whale,me.--where,poss,PROPN,False
2,me.--where,'s,case,PART,True
1,whale,the,det,DET,True
1,whale,the,det,DET,True
1,whale,white,compound,PROPN,False
1,whale,'s,case,PART,True
1,whale,the,det,DET,True
1,whale,'s,case,PART,True
1,whale,the,det,DET,True
1,whale,the,det,DET,True
1,whale,white,compound,PROPN,False
1,whale,'s,case,PART,True
1,whale,the,det,DET,True
1,whale,the,det,DET,True
1,whale,'s,case,PART,True
1,whale,the,det,DET,True
1,whale,hat,amod,VERB,False
1,whale,the,det,DET,True
1,whale,white,compound,PROPN,False
1,whale,the,det,DET,True
1,whale,the,det,DET,True
1,whale,the,det,DET,True
1,whale,whale,appos,NOUN,False
2,whale,the,det,DET,True
1,whale,the,det,DET,True
1,whale,thou,compound,ADJ,False
1,whale,grinning,compound,NOUN,False
1,whale,thou,compound,ADJ,False
1,whale,grinning,amod,NOUN,False
1,whale,oh,intj,INTJ,False
2,oh,oh,intj,INTJ,False
1,whale,thou,compound,NOUN,False
1,whale,grinning,compound,NOUN,False
1,whale,but,cc,CCONJ,True
1,whale,be,conj,AUX,True
2,be,there,expl,PRON,True
2,be,will,aux,AUX,True
2,be,plenty,attr,NOUN,False
1,whale,the,det,DET,True
1,whale,side,relcl,VERB,True
2,side,which,nsubj,PRON,True
2,side,from,prep,ADP,True
2,side,to,aux,PART,True
2,side,vibrate,xcomp,VERB,False
1,whale,the,det,DET,True
1,whale,thou,nmod,PROPN,False
1,whale,destroy,amod,VERB,False
2,destroy,all,advmod,ADV,True
2,destroy,but,cc,CCONJ,True
2,destroy,unconquering,conj,ADJ,False
1,whale,thou,amod,NOUN,False
1,whale,damned,amod,ADJ,False
1,whale,the,det,DET,True
1,whale,stricken,amod,VERB,False
